date,price,commodity
2021-05-13,36.38,Onion
2021-05-14,35.77,Onion
2021-05-15,37.69,Onion
2021-05-16,37.8,Onion
2021-05-17,34.98,Onion
2021-05-18,35.51,Onion
2021-05-19,37.11,Onion
2021-05-20,37.33,Onion
2021-05-21,38.21,Onion
2021-05-22,37.78,Onion
2021-05-23,39.3,Onion
2021-05-24,39.0,Onion
2021-05-25,38.33,Onion
2021-05-26,39.61,Onion
2021-05-27,39.65,Onion
2021-05-28,39.08,Onion
2021-05-29,40.52,Onion
2021-05-30,39.3,Onion
2021-05-31,40.76,Onion
2021-06-01,39.9,Onion
2021-06-02,40.12,Onion
2021-06-03,40.31,Onion
2021-06-04,42.67,Onion
2021-06-05,41.77,Onion
2021-06-06,41.51,Onion
2021-06-07,41.39,Onion
2021-06-08,42.17,Onion
2021-06-09,42.37,Onion
2021-06-10,43.06,Onion
2021-06-11,43.73,Onion
2021-06-12,45.62,Onion
2021-06-13,43.31,Onion
2021-06-14,43.04,Onion
2021-06-15,42.76,Onion
2021-06-16,44.4,Onion
2021-06-17,45.51,Onion
2021-06-18,45.05,Onion
2021-06-19,44.75,Onion
2021-06-20,44.75,Onion
2021-06-21,45.91,Onion
2021-06-22,45.98,Onion
2021-06-23,46.16,Onion
2021-06-24,45.72,Onion
2021-06-25,47.18,Onion
2021-06-26,47.44,Onion
2021-06-27,47.52,Onion
2021-06-28,47.93,Onion
2021-06-29,47.34,Onion
2021-06-30,48.1,Onion
2021-07-01,48.2,Onion
2021-07-02,49.05,Onion
2021-07-03,49.71,Onion
2021-07-04,47.82,Onion
2021-07-05,48.66,Onion
2021-07-06,48.51,Onion
2021-07-07,48.71,Onion
2021-07-08,49.68,Onion
2021-07-09,51.91,Onion
2021-07-10,50.13,Onion
2021-07-11,51.76,Onion
2021-07-12,49.19,Onion
2021-07-13,50.38,Onion
2021-07-14,51.17,Onion
2021-07-15,52.18,Onion
2021-07-16,52.93,Onion
2021-07-17,53.34,Onion
2021-07-18,52.28,Onion
2021-07-19,51.98,Onion
2021-07-20,53.13,Onion
2021-07-21,52.51,Onion
2021-07-22,52.16,Onion
2021-07-23,52.91,Onion
2021-07-24,53.42,Onion
2021-07-25,54.65,Onion
2021-07-26,54.12,Onion
2021-07-27,54.56,Onion
2021-07-28,53.87,Onion
2021-07-29,55.0,Onion
2021-07-30,56.03,Onion
2021-07-31,55.49,Onion
2021-08-01,56.12,Onion
2021-08-02,54.88,Onion
2021-08-03,55.08,Onion
2021-08-04,55.36,Onion
2021-08-05,55.22,Onion
2021-08-06,57.32,Onion
2021-08-07,56.74,Onion
2021-08-08,57.09,Onion
2021-08-09,57.27,Onion
2021-08-10,57.15,Onion
2021-08-11,57.62,Onion
2021-08-12,57.5,Onion
2021-08-13,57.77,Onion
2021-08-14,58.34,Onion
2021-08-15,56.79,Onion
2021-08-16,56.74,Onion
2021-08-17,56.74,Onion
2021-08-18,57.28,Onion
2021-08-19,59.08,Onion
2021-08-20,58.45,Onion
2021-08-21,59.16,Onion
2021-08-22,60.55,Onion
2021-08-23,58.76,Onion
2021-08-24,59.61,Onion
2021-08-25,58.33,Onion
2021-08-26,59.51,Onion
2021-08-27,59.35,Onion
2021-08-28,60.12,Onion
2021-08-29,61.02,Onion
2021-08-30,58.39,Onion
2021-08-31,60.17,Onion
2021-09-01,60.2,Onion
2021-09-02,59.94,Onion
2021-09-03,59.66,Onion
2021-09-04,61.22,Onion
2021-09-05,60.49,Onion
2021-09-06,60.83,Onion
2021-09-07,60.45,Onion
2021-09-08,62.05,Onion
2021-09-09,60.85,Onion
2021-09-10,60.61,Onion
2021-09-11,61.85,Onion
2021-09-12,61.68,Onion
2021-09-13,62.32,Onion
2021-09-14,61.63,Onion
2021-09-15,61.35,Onion
2021-09-16,62.78,Onion
2021-09-17,60.82,Onion
2021-09-18,61.45,Onion
2021-09-19,60.95,Onion
2021-09-20,61.03,Onion
2021-09-21,59.89,Onion
2021-09-22,61.82,Onion
2021-09-23,61.45,Onion
2021-09-24,60.73,Onion
2021-09-25,61.25,Onion
2021-09-26,62.17,Onion
2021-09-27,62.21,Onion
2021-09-28,62.98,Onion
2021-09-29,63.89,Onion
2021-09-30,62.02,Onion
2021-10-01,61.13,Onion
2021-10-02,60.17,Onion
2021-10-03,62.04,Onion
2021-10-04,60.6,Onion
2021-10-05,60.65,Onion
2021-10-06,60.53,Onion
2021-10-07,61.31,Onion
2021-10-08,62.74,Onion
2021-10-09,61.97,Onion
2021-10-10,61.36,Onion
2021-10-11,60.08,Onion
2021-10-12,59.17,Onion
2021-10-13,60.27,Onion
2021-10-14,60.98,Onion
2021-10-15,62.94,Onion
2021-10-16,61.48,Onion
2021-10-17,61.9,Onion
2021-10-18,60.04,Onion
2021-10-19,59.07,Onion
2021-10-20,59.27,Onion
2021-10-21,59.78,Onion
2021-10-22,62.64,Onion
2021-10-23,59.98,Onion
2021-10-24,61.1,Onion
2021-10-25,58.98,Onion
2021-10-26,60.25,Onion
2021-10-27,59.74,Onion
2021-10-28,59.52,Onion
2021-10-29,59.89,Onion
2021-10-30,59.31,Onion
2021-10-31,59.9,Onion
2021-11-01,58.52,Onion
2021-11-02,57.42,Onion
2021-11-03,57.33,Onion
2021-11-04,58.88,Onion
2021-11-05,60.4,Onion
2021-11-06,59.07,Onion
2021-11-07,58.39,Onion
2021-11-08,58.17,Onion
2021-11-09,58.66,Onion
2021-11-10,57.62,Onion
2021-11-11,57.28,Onion
2021-11-12,58.87,Onion
2021-11-13,58.19,Onion
2021-11-14,58.74,Onion
2021-11-15,56.92,Onion
2021-11-16,55.2,Onion
2021-11-17,54.99,Onion
2021-11-18,57.92,Onion
2021-11-19,58.19,Onion
2021-11-20,56.39,Onion
2021-11-21,55.75,Onion
2021-11-22,56.79,Onion
2021-11-23,54.01,Onion
2021-11-24,54.11,Onion
2021-11-25,55.69,Onion
2021-11-26,54.95,Onion
2021-11-27,55.2,Onion
2021-11-28,54.58,Onion
2021-11-29,54.4,Onion
2021-11-30,54.89,Onion
2021-12-01,53.59,Onion
2021-12-02,54.28,Onion
2021-12-03,52.03,Onion
2021-12-04,53.72,Onion
2021-12-05,52.53,Onion
2021-12-06,51.54,Onion
2021-12-07,51.37,Onion
2021-12-08,51.74,Onion
2021-12-09,53.04,Onion
2021-12-10,51.2,Onion
2021-12-11,52.3,Onion
2021-12-12,51.35,Onion
2021-12-13,50.84,Onion
2021-12-14,51.55,Onion
2021-12-15,51.01,Onion
2021-12-16,51.9,Onion
2021-12-17,50.72,Onion
2021-12-18,50.11,Onion
2021-12-19,50.05,Onion
2021-12-20,49.81,Onion
2021-12-21,49.26,Onion
2021-12-22,48.0,Onion
2021-12-23,49.23,Onion
2021-12-24,49.52,Onion
2021-12-25,51.46,Onion
2021-12-26,50.39,Onion
2021-12-27,47.28,Onion
2021-12-28,47.3,Onion
2021-12-29,46.12,Onion
2021-12-30,47.08,Onion
2021-12-31,48.07,Onion
2022-01-01,48.75,Onion
2022-01-02,46.52,Onion
2022-01-03,45.94,Onion
2022-01-04,44.11,Onion
2022-01-05,45.78,Onion
2022-01-06,45.14,Onion
2022-01-07,45.8,Onion
2022-01-08,45.38,Onion
2022-01-09,45.6,Onion
2022-01-10,43.46,Onion
2022-01-11,43.25,Onion
2022-01-12,46.37,Onion
2022-01-13,43.48,Onion
2022-01-14,43.84,Onion
2022-01-15,46.38,Onion
2022-01-16,46.87,Onion
2022-01-17,42.57,Onion
2022-01-18,42.83,Onion
2022-01-19,43.37,Onion
2022-01-20,44.82,Onion
2022-01-21,42.58,Onion
2022-01-22,43.15,Onion
2022-01-23,43.62,Onion
2022-01-24,42.69,Onion
2022-01-25,41.51,Onion
2022-01-26,41.65,Onion
2022-01-27,40.74,Onion
2022-01-28,41.98,Onion
2022-01-29,41.88,Onion
2022-01-30,41.89,Onion
2022-01-31,40.58,Onion
2022-02-01,41.07,Onion
2022-02-02,41.5,Onion
2022-02-03,40.96,Onion
2022-02-04,41.37,Onion
2022-02-05,41.04,Onion
2022-02-06,40.58,Onion
2022-02-07,39.35,Onion
2022-02-08,39.87,Onion
2022-02-09,39.45,Onion
2022-02-10,41.67,Onion
2022-02-11,41.46,Onion
2022-02-12,40.36,Onion
2022-02-13,38.93,Onion
2022-02-14,38.05,Onion
2022-02-15,39.74,Onion
2022-02-16,38.88,Onion
2022-02-17,39.35,Onion
2022-02-18,37.63,Onion
2022-02-19,40.02,Onion
2022-02-20,39.22,Onion
2022-02-21,37.28,Onion
2022-02-22,37.49,Onion
2022-02-23,38.15,Onion
2022-02-24,38.26,Onion
2022-02-25,38.26,Onion
2022-02-26,38.44,Onion
2022-02-27,37.96,Onion
2022-02-28,37.82,Onion
2022-03-01,38.66,Onion
2022-03-02,35.06,Onion
2022-03-03,37.48,Onion
2022-03-04,38.19,Onion
2022-03-05,38.34,Onion
2022-03-06,37.41,Onion
2022-03-07,35.68,Onion
2022-03-08,37.25,Onion
2022-03-09,38.56,Onion
2022-03-10,35.98,Onion
2022-03-11,38.5,Onion
2022-03-12,37.5,Onion
2022-03-13,37.45,Onion
2022-03-14,36.1,Onion
2022-03-15,36.46,Onion
2022-03-16,38.02,Onion
2022-03-17,37.76,Onion
2022-03-18,39.18,Onion
2022-03-19,38.78,Onion
2022-03-20,37.85,Onion
2022-03-21,38.6,Onion
2022-03-22,37.17,Onion
2022-03-23,37.63,Onion
2022-03-24,37.04,Onion
2022-03-25,37.78,Onion
2022-03-26,37.22,Onion
2022-03-27,38.5,Onion
2022-03-28,36.16,Onion
2022-03-29,37.69,Onion
2022-03-30,36.96,Onion
2022-03-31,38.63,Onion
2022-04-01,38.7,Onion
2022-04-02,39.82,Onion
2022-04-03,38.63,Onion
2022-04-04,36.19,Onion
2022-04-05,37.34,Onion
2022-04-06,36.52,Onion
2022-04-07,37.58,Onion
2022-04-08,39.88,Onion
2022-04-09,39.28,Onion
2022-04-10,37.9,Onion
2022-04-11,37.28,Onion
2022-04-12,38.05,Onion
2022-04-13,37.12,Onion
2022-04-14,38.11,Onion
2022-04-15,39.5,Onion
2022-04-16,40.47,Onion
2022-04-17,39.83,Onion
2022-04-18,36.9,Onion
2022-04-19,39.1,Onion
2022-04-20,39.11,Onion
2022-04-21,39.95,Onion
2022-04-22,41.56,Onion
2022-04-23,38.48,Onion
2022-04-24,39.68,Onion
2022-04-25,40.46,Onion
2022-04-26,38.38,Onion
2022-04-27,41.39,Onion
2022-04-28,40.94,Onion
2022-04-29,41.92,Onion
2022-04-30,40.91,Onion
2022-05-01,42.05,Onion
2022-05-02,42.02,Onion
2022-05-03,41.17,Onion
2022-05-04,41.45,Onion
2022-05-05,42.05,Onion
2022-05-06,41.61,Onion
2022-05-07,42.53,Onion
2022-05-08,42.45,Onion
2022-05-09,42.69,Onion
2022-05-10,43.17,Onion
2022-05-11,41.61,Onion
2022-05-12,43.05,Onion
2022-05-13,45.09,Onion
2022-05-14,43.39,Onion
2022-05-15,43.26,Onion
2022-05-16,43.96,Onion
2022-05-17,44.48,Onion
2022-05-18,44.04,Onion
2022-05-19,45.84,Onion
2022-05-20,46.02,Onion
2022-05-21,46.33,Onion
2022-05-22,46.03,Onion
2022-05-23,47.42,Onion
2022-05-24,45.1,Onion
2022-05-25,43.81,Onion
2022-05-26,47.68,Onion
2022-05-27,46.45,Onion
2022-05-28,47.29,Onion
2022-05-29,48.34,Onion
2022-05-30,45.53,Onion
2022-05-31,45.82,Onion
2022-06-01,45.84,Onion
2022-06-02,47.21,Onion
2022-06-03,48.95,Onion
2022-06-04,49.38,Onion
2022-06-05,49.13,Onion
2022-06-06,47.43,Onion
2022-06-07,46.6,Onion
2022-06-08,49.08,Onion
2022-06-09,49.25,Onion
2022-06-10,50.74,Onion
2022-06-11,51.31,Onion
2022-06-12,50.79,Onion
2022-06-13,51.17,Onion
2022-06-14,50.68,Onion
2022-06-15,51.3,Onion
2022-06-16,50.84,Onion
2022-06-17,51.97,Onion
2022-06-18,52.66,Onion
2022-06-19,53.21,Onion
2022-06-20,51.95,Onion
2022-06-21,52.76,Onion
2022-06-22,52.41,Onion
2022-06-23,53.19,Onion
2022-06-24,54.7,Onion
2022-06-25,52.52,Onion
2022-06-26,53.13,Onion
2022-06-27,52.79,Onion
2022-06-28,52.01,Onion
2022-06-29,53.86,Onion
2022-06-30,55.8,Onion
2022-07-01,55.51,Onion
2022-07-02,56.3,Onion
2022-07-03,57.09,Onion
2022-07-04,57.13,Onion
2022-07-05,55.86,Onion
2022-07-06,57.49,Onion
2022-07-07,57.0,Onion
2022-07-08,56.8,Onion
2022-07-09,57.37,Onion
2022-07-10,56.55,Onion
2022-07-11,56.9,Onion
2022-07-12,57.36,Onion
2022-07-13,58.74,Onion
2022-07-14,60.21,Onion
2022-07-15,58.05,Onion
2022-07-16,59.98,Onion
2022-07-17,58.66,Onion
2022-07-18,62.72,Onion
2022-07-19,64.97,Onion
2022-07-20,66.46,Onion
2022-07-21,72.97,Onion
2022-07-22,74.98,Onion
2022-07-23,78.4,Onion
2022-07-24,80.63,Onion
2022-07-25,83.77,Onion
2022-07-26,88.02,Onion
2022-07-27,90.62,Onion
2022-07-28,95.22,Onion
2022-07-29,99.23,Onion
2022-07-30,104.17,Onion
2022-07-31,104.65,Onion
2022-08-01,105.51,Onion
2022-08-02,112.41,Onion
2022-08-03,113.73,Onion
2022-08-04,120.28,Onion
2022-08-05,123.25,Onion
2022-08-06,126.02,Onion
2022-08-07,129.82,Onion
2022-08-08,135.4,Onion
2022-08-09,138.63,Onion
2022-08-10,138.5,Onion
2022-08-11,143.04,Onion
2022-08-12,149.31,Onion
2022-08-13,149.14,Onion
2022-08-14,154.53,Onion
2022-08-15,156.28,Onion
2022-08-16,156.76,Onion
2022-08-17,151.78,Onion
2022-08-18,148.36,Onion
2022-08-19,145.49,Onion
2022-08-20,144.82,Onion
2022-08-21,142.66,Onion
2022-08-22,139.17,Onion
2022-08-23,139.86,Onion
2022-08-24,135.54,Onion
2022-08-25,129.66,Onion
2022-08-26,129.74,Onion
2022-08-27,125.61,Onion
2022-08-28,122.3,Onion
2022-08-29,119.24,Onion
2022-08-30,116.39,Onion
2022-08-31,112.03,Onion
2022-09-01,111.67,Onion
2022-09-02,106.0,Onion
2022-09-03,104.64,Onion
2022-09-04,104.54,Onion
2022-09-05,97.57,Onion
2022-09-06,95.54,Onion
2022-09-07,90.84,Onion
2022-09-08,88.73,Onion
2022-09-09,85.28,Onion
2022-09-10,82.04,Onion
2022-09-11,77.85,Onion
2022-09-12,75.36,Onion
2022-09-13,70.61,Onion
2022-09-14,68.87,Onion
2022-09-15,69.69,Onion
2022-09-16,69.48,Onion
2022-09-17,69.03,Onion
2022-09-18,69.46,Onion
2022-09-19,68.37,Onion
2022-09-20,69.25,Onion
2022-09-21,66.88,Onion
2022-09-22,68.64,Onion
2022-09-23,67.55,Onion
2022-09-24,68.11,Onion
2022-09-25,70.42,Onion
2022-09-26,69.57,Onion
2022-09-27,67.84,Onion
2022-09-28,67.23,Onion
2022-09-29,66.3,Onion
2022-09-30,68.85,Onion
2022-10-01,71.6,Onion
2022-10-02,69.52,Onion
2022-10-03,68.17,Onion
2022-10-04,68.79,Onion
2022-10-05,67.03,Onion
2022-10-06,68.52,Onion
2022-10-07,69.23,Onion
2022-10-08,69.11,Onion
2022-10-09,69.58,Onion
2022-10-10,68.69,Onion
2022-10-11,68.66,Onion
2022-10-12,67.47,Onion
2022-10-13,69.23,Onion
2022-10-14,70.21,Onion
2022-10-15,67.89,Onion
2022-10-16,67.62,Onion
2022-10-17,69.11,Onion
2022-10-18,67.38,Onion
2022-10-19,68.82,Onion
2022-10-20,67.46,Onion
2022-10-21,69.46,Onion
2022-10-22,68.27,Onion
2022-10-23,68.01,Onion
2022-10-24,68.65,Onion
2022-10-25,66.53,Onion
2022-10-26,66.0,Onion
2022-10-27,66.71,Onion
2022-10-28,67.8,Onion
2022-10-29,65.95,Onion
2022-10-30,67.54,Onion
2022-10-31,65.92,Onion
2022-11-01,67.03,Onion
2022-11-02,63.81,Onion
2022-11-03,65.5,Onion
2022-11-04,64.94,Onion
2022-11-05,65.67,Onion
2022-11-06,66.22,Onion
2022-11-07,65.25,Onion
2022-11-08,64.76,Onion
2022-11-09,64.78,Onion
2022-11-10,65.34,Onion
2022-11-11,64.48,Onion
2022-11-12,65.95,Onion
2022-11-13,65.47,Onion
2022-11-14,64.62,Onion
2022-11-15,64.33,Onion
2022-11-16,64.02,Onion
2022-11-17,65.8,Onion
2022-11-18,64.1,Onion
2022-11-19,63.81,Onion
2022-11-20,62.96,Onion
2022-11-21,62.09,Onion
2022-11-22,61.43,Onion
2022-11-23,61.66,Onion
2022-11-24,62.6,Onion
2022-11-25,63.16,Onion
2022-11-26,62.8,Onion
2022-11-27,61.6,Onion
2022-11-28,62.46,Onion
2022-11-29,61.85,Onion
2022-11-30,60.93,Onion
2022-12-01,60.67,Onion
2022-12-02,61.94,Onion
2022-12-03,61.5,Onion
2022-12-04,59.55,Onion
2022-12-05,60.15,Onion
2022-12-06,59.96,Onion
2022-12-07,58.8,Onion
2022-12-08,59.96,Onion
2022-12-09,58.66,Onion
2022-12-10,61.05,Onion
2022-12-11,60.48,Onion
2022-12-12,58.48,Onion
2022-12-13,58.55,Onion
2022-12-14,55.93,Onion
2022-12-15,57.23,Onion
2022-12-16,58.18,Onion
2022-12-17,57.36,Onion
2022-12-18,58.47,Onion
2022-12-19,58.97,Onion
2022-12-20,55.63,Onion
2022-12-21,55.81,Onion
2022-12-22,56.94,Onion
2022-12-23,58.35,Onion
2022-12-24,55.68,Onion
2022-12-25,56.51,Onion
2022-12-26,57.27,Onion
2022-12-27,53.65,Onion
2022-12-28,53.86,Onion
2022-12-29,54.81,Onion
2022-12-30,54.89,Onion
2022-12-31,55.97,Onion
2023-01-01,54.97,Onion
2023-01-02,52.5,Onion
2023-01-03,54.08,Onion
2023-01-04,52.98,Onion
2023-01-05,54.82,Onion
2023-01-06,53.28,Onion
2023-01-07,53.16,Onion
2023-01-08,53.74,Onion
2023-01-09,53.29,Onion
2023-01-10,52.53,Onion
2023-01-11,50.5,Onion
2023-01-12,52.69,Onion
2023-01-13,51.46,Onion
2023-01-14,52.5,Onion
2023-01-15,50.53,Onion
2023-01-16,51.58,Onion
2023-01-17,49.98,Onion
2023-01-18,49.46,Onion
2023-01-19,51.45,Onion
2023-01-20,51.22,Onion
2023-01-21,50.36,Onion
2023-01-22,51.76,Onion
2023-01-23,49.44,Onion
2023-01-24,49.41,Onion
2023-01-25,49.54,Onion
2023-01-26,48.95,Onion
2023-01-27,50.14,Onion
2023-01-28,49.16,Onion
2023-01-29,48.83,Onion
2023-01-30,49.82,Onion
2023-01-31,47.22,Onion
2023-02-01,45.92,Onion
2023-02-02,49.77,Onion
2023-02-03,50.85,Onion
2023-02-04,48.13,Onion
2023-02-05,46.33,Onion
2023-02-06,47.2,Onion
2023-02-07,46.81,Onion
2023-02-08,46.85,Onion
2023-02-09,46.27,Onion
2023-02-10,48.04,Onion
2023-02-11,47.95,Onion
2023-02-12,45.73,Onion
2023-02-13,47.15,Onion
2023-02-14,47.97,Onion
2023-02-15,46.25,Onion
2023-02-16,46.06,Onion
2023-02-17,46.52,Onion
2023-02-18,47.18,Onion
2023-02-19,44.69,Onion
2023-02-20,45.86,Onion
2023-02-21,44.99,Onion
2023-02-22,47.0,Onion
2023-02-23,45.48,Onion
2023-02-24,47.44,Onion
2023-02-25,44.95,Onion
2023-02-26,46.12,Onion
2023-02-27,45.37,Onion
2023-02-28,43.95,Onion
2023-03-01,44.92,Onion
2023-03-02,46.17,Onion
2023-03-03,45.12,Onion
2023-03-04,43.92,Onion
2023-03-05,45.1,Onion
2023-03-06,43.82,Onion
2023-03-07,44.0,Onion
2023-03-08,44.29,Onion
2023-03-09,43.18,Onion
2023-03-10,43.62,Onion
2023-03-11,45.57,Onion
2023-03-12,44.36,Onion
2023-03-13,42.07,Onion
2023-03-14,44.79,Onion
2023-03-15,44.41,Onion
2023-03-16,43.9,Onion
2023-03-17,43.75,Onion
2023-03-18,45.78,Onion
2023-03-19,45.07,Onion
2023-03-20,46.47,Onion
2023-03-21,44.44,Onion
2023-03-22,44.52,Onion
2023-03-23,44.43,Onion
2023-03-24,45.73,Onion
2023-03-25,45.68,Onion
2023-03-26,46.0,Onion
2023-03-27,44.0,Onion
2023-03-28,43.85,Onion
2023-03-29,43.95,Onion
2023-03-30,45.53,Onion
2023-03-31,46.61,Onion
2023-04-01,45.0,Onion
2023-04-02,44.81,Onion
2023-04-03,45.11,Onion
2023-04-04,44.4,Onion
2023-04-05,45.64,Onion
2023-04-06,43.23,Onion
2023-04-07,44.98,Onion
2023-04-08,45.2,Onion
2023-04-09,43.63,Onion
2023-04-10,44.51,Onion
2023-04-11,44.38,Onion
2023-04-12,45.21,Onion
2023-04-13,46.89,Onion
2023-04-14,46.16,Onion
2023-04-15,45.66,Onion
2023-04-16,46.38,Onion
2023-04-17,47.06,Onion
2023-04-18,45.09,Onion
2023-04-19,45.37,Onion
2023-04-20,47.21,Onion
2023-04-21,47.04,Onion
2023-04-22,48.05,Onion
2023-04-23,47.33,Onion
2023-04-24,47.68,Onion
2023-04-25,45.99,Onion
2023-04-26,47.16,Onion
2023-04-27,47.53,Onion
2023-04-28,47.17,Onion
2023-04-29,47.11,Onion
2023-04-30,49.03,Onion
2023-05-01,47.83,Onion
2023-05-02,47.13,Onion
2023-05-03,48.23,Onion
2023-05-04,49.9,Onion
2023-05-05,47.41,Onion
2023-05-06,48.39,Onion
2023-05-07,48.82,Onion
2023-05-08,50.73,Onion
2023-05-09,49.59,Onion
2023-05-10,50.31,Onion
2023-05-11,49.19,Onion
2023-05-12,49.8,Onion
2023-05-13,51.51,Onion
2023-05-14,51.09,Onion
2023-05-15,51.31,Onion
2023-05-16,50.59,Onion
2023-05-17,51.32,Onion
2023-05-18,51.81,Onion
2023-05-19,52.98,Onion
2023-05-20,53.33,Onion
2023-05-21,51.09,Onion
2023-05-22,50.32,Onion
2023-05-23,53.2,Onion
2023-05-24,53.69,Onion
2023-05-25,52.33,Onion
2023-05-26,52.2,Onion
2023-05-27,54.29,Onion
2023-05-28,55.01,Onion
2023-05-29,55.59,Onion
2023-05-30,54.41,Onion
2023-05-31,53.95,Onion
2023-06-01,54.12,Onion
2023-06-02,55.57,Onion
2023-06-03,55.63,Onion
2023-06-04,54.96,Onion
2023-06-05,57.54,Onion
2023-06-06,57.28,Onion
2023-06-07,57.04,Onion
2023-06-08,55.84,Onion
2023-06-09,58.08,Onion
2023-06-10,58.24,Onion
2023-06-11,58.04,Onion
2023-06-12,58.59,Onion
2023-06-13,58.03,Onion
2023-06-14,58.48,Onion
2023-06-15,59.03,Onion
2023-06-16,59.42,Onion
2023-06-17,57.86,Onion
2023-06-18,59.53,Onion
2023-06-19,58.78,Onion
2023-06-20,58.12,Onion
2023-06-21,61.14,Onion
2023-06-22,61.84,Onion
2023-06-23,62.15,Onion
2023-06-24,61.52,Onion
2023-06-25,62.49,Onion
2023-06-26,61.12,Onion
2023-06-27,61.28,Onion
2023-06-28,60.47,Onion
2023-06-29,62.46,Onion
2023-06-30,62.81,Onion
2023-07-01,61.93,Onion
2023-07-02,63.05,Onion
2023-07-03,62.85,Onion
2023-07-04,64.52,Onion
2023-07-05,64.06,Onion
2023-07-06,63.91,Onion
2023-07-07,64.77,Onion
2023-07-08,64.94,Onion
2023-07-09,64.69,Onion
2023-07-10,63.72,Onion
2023-07-11,64.54,Onion
2023-07-12,64.35,Onion
2023-07-13,64.53,Onion
2023-07-14,66.75,Onion
2023-07-15,66.98,Onion
2023-07-16,65.0,Onion
2023-07-17,66.3,Onion
2023-07-18,67.27,Onion
2023-07-19,67.67,Onion
2023-07-20,68.26,Onion
2023-07-21,68.0,Onion
2023-07-22,67.53,Onion
2023-07-23,67.27,Onion
2023-07-24,68.35,Onion
2023-07-25,68.34,Onion
2023-07-26,69.48,Onion
2023-07-27,69.92,Onion
2023-07-28,69.42,Onion
2023-07-29,68.73,Onion
2023-07-30,69.51,Onion
2023-07-31,69.77,Onion
2023-08-01,69.33,Onion
2023-08-02,69.29,Onion
2023-08-03,70.63,Onion
2023-08-04,70.55,Onion
2023-08-05,70.73,Onion
2023-08-06,71.5,Onion
2023-08-07,70.61,Onion
2023-08-08,71.11,Onion
2023-08-09,71.42,Onion
2023-08-10,70.73,Onion
2023-08-11,71.89,Onion
2023-08-12,73.89,Onion
2023-08-13,71.45,Onion
2023-08-14,70.33,Onion
2023-08-15,70.46,Onion
2023-08-16,72.42,Onion
2023-08-17,72.97,Onion
2023-08-18,73.39,Onion
2023-08-19,74.84,Onion
2023-08-20,71.22,Onion
2023-08-21,73.69,Onion
2023-08-22,74.62,Onion
2023-08-23,72.43,Onion
2023-08-24,73.63,Onion
2023-08-25,73.82,Onion
2023-08-26,73.92,Onion
2023-08-27,74.29,Onion
2023-08-28,75.55,Onion
2023-08-29,75.77,Onion
2023-08-30,74.02,Onion
2023-08-31,76.54,Onion
2023-09-01,75.36,Onion
2023-09-02,77.1,Onion
2023-09-03,75.27,Onion
2023-09-04,75.13,Onion
2023-09-05,75.16,Onion
2023-09-06,77.88,Onion
2023-09-07,76.25,Onion
2023-09-08,75.32,Onion
2023-09-09,77.0,Onion
2023-09-10,75.6,Onion
2023-09-11,75.12,Onion
2023-09-12,76.17,Onion
2023-09-13,75.54,Onion
2023-09-14,76.2,Onion
2023-09-15,76.41,Onion
2023-09-16,76.84,Onion
2023-09-17,76.69,Onion
2023-09-18,74.17,Onion
2023-09-19,76.28,Onion
2023-09-20,74.92,Onion
2023-09-21,74.92,Onion
2023-09-22,76.58,Onion
2023-09-23,76.82,Onion
2023-09-24,75.86,Onion
2023-09-25,76.81,Onion
2023-09-26,74.59,Onion
2023-09-27,75.53,Onion
2023-09-28,75.75,Onion
2023-09-29,76.62,Onion
2023-09-30,77.0,Onion
2023-10-01,75.56,Onion
2023-10-02,76.66,Onion
2023-10-03,75.77,Onion
2023-10-04,74.08,Onion
2023-10-05,74.38,Onion
2023-10-06,76.48,Onion
2023-10-07,76.35,Onion
2023-10-08,76.14,Onion
2023-10-09,75.73,Onion
2023-10-10,75.64,Onion
2023-10-11,76.33,Onion
2023-10-12,74.8,Onion
2023-10-13,75.08,Onion
2023-10-14,75.18,Onion
2023-10-15,76.08,Onion
2023-10-16,76.43,Onion
2023-10-17,74.57,Onion
2023-10-18,72.72,Onion
2023-10-19,73.74,Onion
2023-10-20,74.83,Onion
2023-10-21,75.08,Onion
2023-10-22,74.84,Onion
2023-10-23,74.71,Onion
2023-10-24,74.02,Onion
2023-10-25,75.23,Onion
2023-10-26,73.96,Onion
2023-10-27,74.07,Onion
2023-10-28,75.25,Onion
2023-10-29,73.05,Onion
2023-10-30,74.22,Onion
2023-10-31,73.56,Onion
2023-11-01,73.3,Onion
2023-11-02,75.12,Onion
2023-11-03,73.38,Onion
2023-11-04,75.75,Onion
2023-11-05,73.28,Onion
2023-11-06,71.75,Onion
2023-11-07,72.54,Onion
2023-11-08,71.46,Onion
2023-11-09,71.98,Onion
2023-11-10,73.25,Onion
2023-11-11,73.33,Onion
2023-11-12,71.83,Onion
2023-11-13,72.68,Onion
2023-11-14,72.39,Onion
2023-11-15,72.57,Onion
2023-11-16,71.97,Onion
2023-11-17,72.93,Onion
2023-11-18,69.93,Onion
2023-11-19,70.88,Onion
2023-11-20,69.77,Onion
2023-11-21,70.2,Onion
2023-11-22,69.49,Onion
2023-11-23,70.05,Onion
2023-11-24,72.1,Onion
2023-11-25,70.15,Onion
2023-11-26,70.21,Onion
2023-11-27,69.0,Onion
2023-11-28,68.81,Onion
2023-11-29,68.64,Onion
2023-11-30,69.22,Onion
2023-12-01,70.06,Onion
2023-12-02,70.38,Onion
2023-12-03,68.7,Onion
2023-12-04,68.31,Onion
2023-12-05,66.26,Onion
2023-12-06,67.1,Onion
2023-12-07,68.21,Onion
2023-12-08,68.32,Onion
2023-12-09,67.61,Onion
2023-12-10,67.73,Onion
2023-12-11,66.73,Onion
2023-12-12,66.88,Onion
2023-12-13,65.94,Onion
2023-12-14,65.53,Onion
2023-12-15,66.32,Onion
2023-12-16,63.26,Onion
2023-12-17,65.75,Onion
2023-12-18,61.47,Onion
2023-12-19,62.71,Onion
2023-12-20,64.55,Onion
2023-12-21,64.74,Onion
2023-12-22,63.43,Onion
2023-12-23,63.72,Onion
2023-12-24,65.1,Onion
2023-12-25,62.78,Onion
2023-12-26,64.74,Onion
2023-12-27,62.59,Onion
2023-12-28,63.13,Onion
2023-12-29,64.39,Onion
2023-12-30,62.93,Onion
2023-12-31,61.43,Onion
2024-01-01,61.58,Onion
2024-01-02,61.16,Onion
2024-01-03,59.84,Onion
2024-01-04,61.01,Onion
2024-01-05,60.75,Onion
2024-01-06,62.14,Onion
2024-01-07,60.85,Onion
2024-01-08,59.92,Onion
2024-01-09,59.6,Onion
2024-01-10,59.78,Onion
2024-01-11,60.32,Onion
2024-01-12,59.05,Onion
2024-01-13,58.91,Onion
2024-01-14,60.36,Onion
2024-01-15,58.36,Onion
2024-01-16,56.99,Onion
2024-01-17,58.56,Onion
2024-01-18,58.77,Onion
2024-01-19,59.08,Onion
2024-01-20,62.57,Onion
2024-01-21,64.52,Onion
2024-01-22,65.4,Onion
2024-01-23,67.06,Onion
2024-01-24,66.68,Onion
2024-01-25,70.71,Onion
2024-01-26,72.17,Onion
2024-01-27,73.75,Onion
2024-01-28,76.67,Onion
2024-01-29,78.51,Onion
2024-01-30,80.2,Onion
2024-01-31,81.39,Onion
2024-02-01,81.74,Onion
2024-02-02,84.56,Onion
2024-02-03,86.91,Onion
2024-02-04,87.22,Onion
2024-02-05,88.15,Onion
2024-02-06,90.32,Onion
2024-02-07,90.75,Onion
2024-02-08,91.96,Onion
2024-02-09,94.68,Onion
2024-02-10,98.1,Onion
2024-02-11,98.19,Onion
2024-02-12,97.72,Onion
2024-02-13,95.73,Onion
2024-02-14,92.24,Onion
2024-02-15,92.65,Onion
2024-02-16,90.72,Onion
2024-02-17,86.5,Onion
2024-02-18,87.98,Onion
2024-02-19,82.56,Onion
2024-02-20,78.63,Onion
2024-02-21,77.74,Onion
2024-02-22,76.47,Onion
2024-02-23,76.54,Onion
2024-02-24,74.36,Onion
2024-02-25,72.02,Onion
2024-02-26,70.72,Onion
2024-02-27,68.17,Onion
2024-02-28,66.42,Onion
2024-02-29,65.17,Onion
2024-03-01,64.02,Onion
2024-03-02,59.41,Onion
2024-03-03,59.12,Onion
2024-03-04,55.04,Onion
2024-03-05,55.16,Onion
2024-03-06,53.44,Onion
2024-03-07,53.01,Onion
2024-03-08,53.49,Onion
2024-03-09,52.66,Onion
2024-03-10,51.73,Onion
2024-03-11,52.15,Onion
2024-03-12,50.94,Onion
2024-03-13,51.49,Onion
2024-03-14,52.75,Onion
2024-03-15,51.74,Onion
2024-03-16,53.06,Onion
2024-03-17,52.67,Onion
2024-03-18,50.76,Onion
2024-03-19,52.23,Onion
2024-03-20,52.09,Onion
2024-03-21,51.96,Onion
2024-03-22,51.59,Onion
2024-03-23,51.61,Onion
2024-03-24,51.66,Onion
2024-03-25,52.22,Onion
2024-03-26,50.64,Onion
2024-03-27,52.03,Onion
2024-03-28,50.95,Onion
2024-03-29,52.32,Onion
2024-03-30,52.74,Onion
2024-03-31,54.63,Onion
2024-04-01,50.81,Onion
2024-04-02,53.17,Onion
2024-04-03,52.14,Onion
2024-04-04,52.84,Onion
2024-04-05,53.04,Onion
2024-04-06,53.5,Onion
2024-04-07,52.78,Onion
2024-04-08,53.88,Onion
2024-04-09,51.98,Onion
2024-04-10,53.6,Onion
2024-04-11,52.49,Onion
2024-04-12,53.5,Onion
2024-04-13,52.79,Onion
2024-04-14,54.01,Onion
2024-04-15,54.58,Onion
2024-04-16,53.05,Onion
2024-04-17,53.16,Onion
2024-04-18,52.85,Onion
2024-04-19,54.17,Onion
2024-04-20,53.17,Onion
2024-04-21,53.65,Onion
2024-04-22,54.38,Onion
2024-04-23,55.23,Onion
2024-04-24,56.82,Onion
2024-04-25,54.3,Onion
2024-04-26,56.67,Onion
2024-04-27,55.85,Onion
2024-04-28,55.38,Onion
2024-04-29,55.63,Onion
2024-04-30,55.2,Onion
2024-05-01,55.51,Onion
2024-05-02,55.6,Onion
2024-05-03,55.28,Onion
2024-05-04,55.43,Onion
2024-05-05,57.32,Onion
2024-05-06,56.23,Onion
2024-05-07,55.86,Onion
2024-05-08,56.69,Onion
2024-05-09,57.99,Onion
2024-05-10,58.02,Onion
2024-05-11,57.56,Onion
2024-05-12,59.19,Onion
2024-05-13,59.28,Onion
2024-05-14,58.24,Onion
2024-05-15,58.98,Onion
2024-05-16,59.82,Onion
2024-05-17,60.33,Onion
2024-05-18,60.18,Onion
2024-05-19,60.12,Onion
2024-05-20,59.83,Onion
2024-05-21,58.33,Onion
2024-05-22,60.27,Onion
2024-05-23,59.04,Onion
2024-05-24,60.17,Onion
2024-05-25,62.39,Onion
2024-05-26,61.94,Onion
2024-05-27,62.32,Onion
2024-05-28,60.71,Onion
2024-05-29,60.25,Onion
2024-05-30,61.7,Onion
2024-05-31,62.65,Onion
2024-06-01,62.97,Onion
2024-06-02,63.89,Onion
2024-06-03,62.36,Onion
2024-06-04,62.98,Onion
2024-06-05,62.12,Onion
2024-06-06,64.06,Onion
2024-06-07,64.3,Onion
2024-06-08,63.97,Onion
2024-06-09,64.42,Onion
2024-06-10,64.29,Onion
2024-06-11,64.2,Onion
2024-06-12,66.39,Onion
2024-06-13,65.35,Onion
2024-06-14,65.87,Onion
2024-06-15,64.56,Onion
2024-06-16,65.63,Onion
2024-06-17,66.02,Onion
2024-06-18,65.63,Onion
2024-06-19,67.85,Onion
2024-06-20,67.11,Onion
2024-06-21,69.07,Onion
2024-06-22,68.32,Onion
2024-06-23,68.29,Onion
2024-06-24,68.0,Onion
2024-06-25,68.08,Onion
2024-06-26,69.98,Onion
2024-06-27,67.0,Onion
2024-06-28,67.93,Onion
2024-06-29,69.6,Onion
2024-06-30,70.09,Onion
2024-07-01,70.52,Onion
2024-07-02,70.31,Onion
2024-07-03,69.9,Onion
2024-07-04,71.81,Onion
2024-07-05,72.46,Onion
2024-07-06,72.05,Onion
2024-07-07,72.73,Onion
2024-07-08,71.93,Onion
2024-07-09,71.16,Onion
2024-07-10,72.64,Onion
2024-07-11,72.75,Onion
2024-07-12,73.29,Onion
2024-07-13,74.96,Onion
2024-07-14,71.4,Onion
2024-07-15,72.14,Onion
2024-07-16,72.32,Onion
2024-07-17,73.39,Onion
2024-07-18,74.12,Onion
2024-07-19,73.62,Onion
2024-07-20,74.42,Onion
2024-07-21,74.49,Onion
2024-07-22,77.28,Onion
2024-07-23,76.64,Onion
2024-07-24,74.97,Onion
2024-07-25,75.63,Onion
2024-07-26,75.54,Onion
2024-07-27,75.17,Onion
2024-07-28,76.73,Onion
2024-07-29,75.71,Onion
2024-07-30,76.48,Onion
2024-07-31,75.42,Onion
2024-08-01,76.77,Onion
2024-08-02,78.19,Onion
2024-08-03,78.68,Onion
2024-08-04,78.65,Onion
2024-08-05,76.85,Onion
2024-08-06,78.73,Onion
2024-08-07,77.53,Onion
2024-08-08,79.4,Onion
2024-08-09,79.39,Onion
2024-08-10,78.44,Onion
2024-08-11,79.3,Onion
2024-08-12,79.66,Onion
2024-08-13,79.78,Onion
2024-08-14,79.37,Onion
2024-08-15,81.43,Onion
2024-08-16,81.51,Onion
2024-08-17,80.63,Onion
2024-08-18,81.42,Onion
2024-08-19,82.2,Onion
2024-08-20,82.1,Onion
2024-08-21,79.47,Onion
2024-08-22,80.28,Onion
2024-08-23,82.97,Onion
2024-08-24,80.92,Onion
2024-08-25,80.54,Onion
2024-08-26,80.98,Onion
2024-08-27,81.65,Onion
2024-08-28,81.39,Onion
2024-08-29,81.41,Onion
2024-08-30,81.89,Onion
2024-08-31,82.06,Onion
2024-09-01,81.74,Onion
2024-09-02,84.25,Onion
2024-09-03,82.29,Onion
2024-09-04,83.01,Onion
2024-09-05,82.25,Onion
2024-09-06,83.0,Onion
2024-09-07,82.7,Onion
2024-09-08,80.76,Onion
2024-09-09,81.54,Onion
2024-09-10,80.95,Onion
2024-09-11,80.72,Onion
2024-09-12,82.11,Onion
2024-09-13,84.83,Onion
2024-09-14,83.74,Onion
2024-09-15,84.72,Onion
2024-09-16,83.54,Onion
2024-09-17,83.64,Onion
2024-09-18,82.26,Onion
2024-09-19,83.96,Onion
2024-09-20,84.56,Onion
2024-09-21,83.51,Onion
2024-09-22,84.28,Onion
2024-09-23,83.86,Onion
2024-09-24,82.6,Onion
2024-09-25,82.19,Onion
2024-09-26,82.52,Onion
2024-09-27,84.06,Onion
2024-09-28,84.36,Onion
2024-09-29,83.07,Onion
2024-09-30,83.36,Onion
2024-10-01,83.56,Onion
2024-10-02,83.68,Onion
2024-10-03,84.88,Onion
2024-10-04,84.99,Onion
2024-10-05,83.01,Onion
2024-10-06,85.11,Onion
2024-10-07,82.64,Onion
2024-10-08,83.74,Onion
2024-10-09,82.91,Onion
2024-10-10,82.81,Onion
2024-10-11,81.89,Onion
2024-10-12,83.39,Onion
2024-10-13,81.81,Onion
2024-10-14,83.58,Onion
2024-10-15,83.73,Onion
2024-10-16,81.66,Onion
2024-10-17,82.96,Onion
2024-10-18,82.34,Onion
2024-10-19,82.44,Onion
2024-10-20,83.33,Onion
2024-10-21,82.07,Onion
2024-10-22,83.3,Onion
2024-10-23,81.29,Onion
2024-10-24,82.91,Onion
2024-10-25,82.38,Onion
2024-10-26,82.99,Onion
2024-10-27,81.48,Onion
2024-10-28,81.29,Onion
2024-10-29,80.83,Onion
2024-10-30,80.15,Onion
2024-10-31,81.76,Onion
2024-11-01,82.01,Onion
2024-11-02,81.91,Onion
2024-11-03,82.35,Onion
2024-11-04,81.7,Onion
2024-11-05,79.64,Onion
2024-11-06,80.26,Onion
2024-11-07,79.6,Onion
2024-11-08,80.42,Onion
2024-11-09,79.79,Onion
2024-11-10,81.36,Onion
2024-11-11,79.63,Onion
2024-11-12,78.67,Onion
2024-11-13,79.87,Onion
2024-11-14,77.06,Onion
2024-11-15,77.42,Onion
2024-11-16,79.87,Onion
2024-11-17,78.76,Onion
2024-11-18,78.31,Onion
2024-11-19,76.44,Onion
2024-11-20,77.52,Onion
2024-11-21,79.55,Onion
2024-11-22,78.69,Onion
2024-11-23,78.01,Onion
2024-11-24,76.99,Onion
2024-11-25,76.4,Onion
2024-11-26,74.38,Onion
2024-11-27,76.42,Onion
2024-11-28,77.14,Onion
2024-11-29,75.15,Onion
2024-11-30,75.86,Onion
2024-12-01,74.94,Onion
2024-12-02,74.47,Onion
2024-12-03,74.91,Onion
2024-12-04,72.88,Onion
2024-12-05,75.48,Onion
2024-12-06,75.79,Onion
2024-12-07,74.77,Onion
2024-12-08,72.28,Onion
2024-12-09,72.96,Onion
2024-12-10,74.48,Onion
2024-12-11,70.75,Onion
2024-12-12,73.12,Onion
2024-12-13,72.54,Onion
2024-12-14,74.2,Onion
2024-12-15,72.38,Onion
2024-12-16,72.7,Onion
2024-12-17,72.35,Onion
2024-12-18,73.37,Onion
2024-12-19,71.71,Onion
2024-12-20,72.4,Onion
2024-12-21,70.6,Onion
2024-12-22,72.52,Onion
2024-12-23,70.11,Onion
2024-12-24,69.8,Onion
2024-12-25,70.16,Onion
2024-12-26,68.94,Onion
2024-12-27,70.72,Onion
2024-12-28,71.27,Onion
2024-12-29,70.17,Onion
2024-12-30,67.82,Onion
2024-12-31,68.65,Onion
2025-01-01,69.31,Onion
2025-01-02,67.13,Onion
2025-01-03,68.03,Onion
2025-01-04,69.66,Onion
2025-01-05,68.63,Onion
2025-01-06,68.12,Onion
2025-01-07,68.94,Onion
2025-01-08,67.57,Onion
2025-01-09,67.92,Onion
2025-01-10,69.95,Onion
2025-01-11,67.21,Onion
2025-01-12,66.21,Onion
2025-01-13,66.68,Onion
2025-01-14,66.21,Onion
2025-01-15,65.24,Onion
2025-01-16,64.98,Onion
2025-01-17,68.18,Onion
2025-01-18,66.3,Onion
2025-01-19,64.88,Onion
2025-01-20,65.74,Onion
2025-01-21,64.36,Onion
2025-01-22,64.14,Onion
2025-01-23,65.07,Onion
2025-01-24,63.61,Onion
2025-01-25,65.01,Onion
2025-01-26,65.97,Onion
2025-01-27,64.05,Onion
2025-01-28,62.85,Onion
2025-01-29,62.66,Onion
2025-01-30,62.97,Onion
2025-01-31,63.34,Onion
2025-02-01,63.16,Onion
2025-02-02,63.89,Onion
2025-02-03,60.92,Onion
2025-02-04,62.83,Onion
2025-02-05,61.65,Onion
2025-02-06,62.58,Onion
2025-02-07,61.47,Onion
2025-02-08,63.63,Onion
2025-02-09,63.15,Onion
2025-02-10,62.32,Onion
2025-02-11,59.69,Onion
2025-02-12,61.76,Onion
2025-02-13,61.64,Onion
2025-02-14,60.1,Onion
2025-02-15,61.5,Onion
2025-02-16,61.46,Onion
2025-02-17,61.09,Onion
2025-02-18,60.37,Onion
2025-02-19,60.46,Onion
2025-02-20,61.81,Onion
2025-02-21,61.88,Onion
2025-02-22,58.2,Onion
2025-02-23,60.13,Onion
2025-02-24,59.74,Onion
2025-02-25,57.96,Onion
2025-02-26,59.64,Onion
2025-02-27,60.99,Onion
2025-02-28,59.21,Onion
2025-03-01,60.51,Onion
2025-03-02,59.05,Onion
2025-03-03,58.77,Onion
2025-03-04,60.38,Onion
2025-03-05,58.6,Onion
2025-03-06,59.85,Onion
2025-03-07,58.09,Onion
2025-03-08,61.51,Onion
2025-03-09,60.07,Onion
2025-03-10,58.89,Onion
2025-03-11,59.27,Onion
2025-03-12,57.56,Onion
2025-03-13,60.26,Onion
2025-03-14,59.28,Onion
2025-03-15,59.47,Onion
2025-03-16,58.93,Onion
2025-03-17,58.41,Onion
2025-03-18,59.28,Onion
2025-03-19,58.99,Onion
2025-03-20,59.74,Onion
2025-03-21,59.55,Onion
2025-03-22,60.13,Onion
2025-03-23,59.04,Onion
2025-03-24,61.01,Onion
2025-03-25,57.35,Onion
2025-03-26,60.03,Onion
2025-03-27,60.55,Onion
2025-03-28,58.98,Onion
2025-03-29,61.9,Onion
2025-03-30,60.56,Onion
2025-03-31,60.16,Onion
2025-04-01,59.1,Onion
2025-04-02,59.03,Onion
2025-04-03,59.5,Onion
2025-04-04,60.5,Onion
2025-04-05,61.57,Onion
2025-04-06,60.28,Onion
2025-04-07,58.95,Onion
2025-04-08,60.32,Onion
2025-04-09,60.59,Onion
2025-04-10,60.84,Onion
2025-04-11,61.41,Onion
2025-04-12,60.69,Onion
2025-04-13,59.93,Onion
2025-04-14,59.66,Onion
2025-04-15,58.81,Onion
2025-04-16,60.71,Onion
2025-04-17,60.93,Onion
2025-04-18,61.12,Onion
2025-04-19,59.08,Onion
2025-04-20,60.48,Onion
2025-04-21,62.31,Onion
2025-04-22,60.57,Onion
2025-04-23,61.74,Onion
2025-04-24,60.7,Onion
2025-04-25,63.78,Onion
2025-04-26,62.61,Onion
2025-04-27,62.88,Onion
2025-04-28,64.44,Onion
2025-04-29,63.6,Onion
2025-04-30,62.23,Onion
2025-05-01,62.53,Onion
2025-05-02,63.33,Onion
2025-05-03,64.36,Onion
2025-05-04,63.71,Onion
2025-05-05,63.2,Onion
2025-05-06,64.79,Onion
2025-05-07,63.65,Onion
2025-05-08,66.4,Onion
2025-05-09,65.0,Onion
2025-05-10,66.82,Onion
2025-05-11,65.46,Onion
2025-05-12,65.77,Onion
2025-05-13,64.19,Onion
2025-05-14,64.38,Onion
2025-05-15,66.16,Onion
2025-05-16,67.24,Onion
2025-05-17,66.7,Onion
2025-05-18,65.45,Onion
2025-05-19,65.17,Onion
2025-05-20,65.06,Onion
2025-05-21,65.07,Onion
2025-05-22,67.38,Onion
2025-05-23,68.91,Onion
2025-05-24,68.22,Onion
2025-05-25,66.16,Onion
2025-05-26,67.82,Onion
2025-05-27,67.81,Onion
2025-05-28,70.18,Onion
2025-05-29,67.61,Onion
2025-05-30,69.2,Onion
2025-05-31,71.43,Onion
2025-06-01,70.27,Onion
2025-06-02,70.19,Onion
2025-06-03,69.76,Onion
2025-06-04,70.3,Onion
2025-06-05,71.34,Onion
2025-06-06,70.56,Onion
2025-06-07,72.43,Onion
2025-06-08,70.38,Onion
2025-06-09,71.73,Onion
2025-06-10,71.58,Onion
2025-06-11,71.22,Onion
2025-06-12,72.4,Onion
2025-06-13,72.51,Onion
2025-06-14,72.46,Onion
2025-06-15,73.1,Onion
2025-06-16,72.25,Onion
2025-06-17,73.52,Onion
2025-06-18,72.55,Onion
2025-06-19,74.88,Onion
2025-06-20,73.83,Onion
2025-06-21,74.74,Onion
2025-06-22,74.67,Onion
2025-06-23,76.26,Onion
2025-06-24,75.35,Onion
2025-06-25,75.22,Onion
2025-06-26,76.51,Onion
2025-06-27,74.82,Onion
2025-06-28,77.03,Onion
2025-06-29,78.86,Onion
2025-06-30,77.0,Onion
2025-07-01,76.93,Onion
2025-07-02,77.72,Onion
2025-07-03,78.68,Onion
2025-07-04,76.72,Onion
2025-07-05,77.36,Onion
2025-07-06,79.05,Onion
2025-07-07,78.03,Onion
2025-07-08,79.84,Onion
2025-07-09,78.72,Onion
2025-07-10,77.9,Onion
2025-07-11,79.14,Onion
2025-07-12,78.15,Onion
2025-07-13,80.39,Onion
2025-07-14,80.25,Onion
2025-07-15,80.01,Onion
2025-07-16,81.7,Onion
2025-07-17,82.44,Onion
2025-07-18,81.83,Onion
2025-07-19,80.4,Onion
2025-07-20,82.84,Onion
2025-07-21,82.58,Onion
2025-07-22,82.32,Onion
2025-07-23,83.25,Onion
2025-07-24,81.93,Onion
2025-07-25,85.41,Onion
2025-07-26,83.05,Onion
2025-07-27,84.54,Onion
2025-07-28,82.13,Onion
2025-07-29,82.76,Onion
2025-07-30,85.27,Onion
2025-07-31,84.27,Onion
2025-08-01,85.86,Onion
2025-08-02,85.62,Onion
2025-08-03,85.24,Onion
2025-08-04,86.33,Onion
2025-08-05,84.81,Onion
2025-08-06,83.71,Onion
2025-08-07,85.17,Onion
2025-08-08,86.97,Onion
2025-08-09,87.11,Onion
2025-08-10,85.26,Onion
2025-08-11,85.76,Onion
2025-08-12,85.8,Onion
2025-08-13,86.26,Onion
2025-08-14,85.91,Onion
2025-08-15,87.14,Onion
2025-08-16,87.31,Onion
2025-08-17,88.55,Onion
2025-08-18,88.3,Onion
2025-08-19,87.32,Onion
2025-08-20,87.35,Onion
2025-08-21,90.96,Onion
2025-08-22,93.21,Onion
2025-08-23,95.74,Onion
2025-08-24,98.38,Onion
2025-08-25,100.94,Onion
2025-08-26,102.79,Onion
2025-08-27,107.07,Onion
2025-08-28,110.94,Onion
2025-08-29,111.59,Onion
2025-08-30,116.33,Onion
2025-08-31,118.47,Onion
2025-09-01,121.34,Onion
2025-09-02,123.3,Onion
2025-09-03,124.37,Onion
2025-09-04,127.9,Onion
2025-09-05,132.93,Onion
2025-09-06,137.21,Onion
2025-09-07,135.14,Onion
2025-09-08,140.78,Onion
2025-09-09,144.32,Onion
2025-09-10,145.31,Onion
2025-09-11,149.74,Onion
2025-09-12,151.28,Onion
2025-09-13,155.09,Onion
2025-09-14,155.04,Onion
2025-09-15,155.84,Onion
2025-09-16,163.34,Onion
2025-09-17,163.1,Onion
2025-09-18,167.41,Onion
2025-09-19,169.28,Onion
2025-09-20,172.13,Onion
2025-09-21,176.45,Onion
2025-09-22,177.32,Onion
2025-09-23,181.45,Onion
2025-09-24,181.8,Onion
2025-09-25,179.68,Onion
2025-09-26,177.62,Onion
2025-09-27,177.41,Onion
2025-09-28,169.68,Onion
2025-09-29,167.9,Onion
2025-09-30,166.66,Onion
2025-10-01,164.33,Onion
2025-10-02,158.02,Onion
2025-10-03,157.75,Onion
2025-10-04,157.76,Onion
2025-10-05,153.24,Onion
2025-10-06,149.31,Onion
2025-10-07,145.54,Onion
2025-10-08,142.74,Onion
2025-10-09,141.57,Onion
2025-10-10,138.67,Onion
2025-10-11,136.34,Onion
2025-10-12,133.34,Onion
2025-10-13,128.97,Onion
2025-10-14,127.4,Onion
2025-10-15,127.74,Onion
2025-10-16,119.73,Onion
2025-10-17,120.04,Onion
2025-10-18,116.13,Onion
2025-10-19,114.56,Onion
2025-10-20,110.65,Onion
2025-10-21,108.35,Onion
2025-10-22,106.14,Onion
2025-10-23,102.8,Onion
2025-10-24,101.43,Onion
2025-10-25,95.34,Onion
2025-10-26,96.11,Onion
2025-10-27,91.75,Onion
2025-10-28,89.37,Onion
2025-10-29,87.27,Onion
2025-10-30,87.88,Onion
2025-10-31,89.02,Onion
2025-11-01,88.84,Onion
2025-11-02,88.7,Onion
2025-11-03,88.85,Onion
2025-11-04,85.87,Onion
2025-11-05,88.29,Onion
2025-11-06,87.66,Onion
2025-11-07,87.71,Onion
2025-11-08,86.51,Onion
2025-11-09,87.86,Onion
2025-11-10,84.64,Onion
2025-11-11,86.96,Onion
2025-11-12,84.97,Onion
2025-11-13,86.58,Onion
2025-11-14,86.65,Onion
2025-11-15,87.73,Onion
2025-11-16,86.07,Onion
2025-11-17,84.99,Onion
2025-11-18,84.71,Onion
2025-11-19,86.23,Onion
2025-11-20,85.77,Onion
2025-11-21,85.14,Onion
2025-11-22,85.18,Onion
2025-11-23,83.53,Onion
2025-11-24,84.66,Onion
2025-11-25,82.26,Onion
2025-11-26,84.42,Onion
2025-11-27,84.05,Onion
2025-11-28,86.27,Onion
2025-11-29,83.03,Onion
2025-11-30,83.45,Onion
2025-12-01,84.53,Onion
2025-12-02,83.5,Onion
2025-12-03,81.69,Onion
2025-12-04,82.7,Onion
2025-12-05,82.68,Onion
2025-12-06,82.82,Onion
2025-12-07,81.45,Onion
2025-12-08,81.35,Onion
2025-12-09,79.51,Onion
2025-12-10,80.95,Onion
2025-12-11,81.41,Onion
2025-12-12,80.97,Onion
2025-12-13,79.6,Onion
2025-12-14,81.46,Onion
2025-12-15,80.24,Onion
2025-12-16,78.77,Onion
2025-12-17,79.05,Onion
2025-12-18,78.12,Onion
2025-12-19,78.72,Onion
2025-12-20,79.03,Onion
2025-12-21,80.13,Onion
2025-12-22,77.8,Onion
2025-12-23,78.46,Onion
2025-12-24,77.27,Onion
2025-12-25,78.15,Onion
2025-12-26,77.97,Onion
2025-12-27,78.76,Onion
2025-12-28,77.0,Onion
2025-12-29,75.42,Onion
2025-12-30,75.1,Onion
2025-12-31,75.74,Onion
2026-01-01,75.27,Onion
2026-01-02,76.94,Onion
2026-01-03,76.03,Onion
2026-01-04,78.1,Onion
2026-01-05,73.75,Onion
2026-01-06,75.02,Onion
2026-01-07,73.7,Onion
2026-01-08,74.45,Onion
2026-01-09,75.21,Onion
2026-01-10,72.87,Onion
2026-01-11,74.7,Onion
2026-01-12,75.56,Onion
2026-01-13,72.97,Onion
2026-01-14,73.5,Onion
2026-01-15,74.38,Onion
2026-01-16,73.5,Onion
2026-01-17,73.03,Onion
2026-01-18,71.04,Onion
2026-01-19,73.03,Onion
2026-01-20,71.89,Onion
2026-01-21,70.99,Onion
2026-01-22,72.22,Onion
2026-01-23,71.79,Onion
2026-01-24,71.75,Onion
2026-01-25,72.32,Onion
2026-01-26,69.96,Onion
2026-01-27,71.66,Onion
2026-01-28,69.38,Onion
2026-01-29,70.26,Onion
2026-01-30,72.81,Onion
2026-01-31,72.02,Onion
2026-02-01,70.66,Onion
2026-02-02,69.13,Onion
2026-02-03,69.07,Onion
2026-02-04,69.56,Onion
2026-02-05,69.76,Onion
2026-02-06,69.89,Onion
2026-02-07,69.89,Onion
2026-02-08,69.31,Onion
2026-02-09,67.63,Onion
2026-02-10,68.06,Onion
2026-02-11,69.31,Onion
2026-02-12,67.51,Onion
2026-02-13,68.84,Onion
2026-02-14,68.24,Onion
2026-02-15,68.69,Onion
2026-02-16,67.69,Onion
2026-02-17,68.98,Onion
2026-02-18,68.09,Onion
2026-02-19,66.74,Onion
2026-02-20,68.81,Onion
2026-02-21,67.51,Onion
2026-02-22,67.32,Onion
2026-02-23,67.59,Onion
2026-02-24,66.51,Onion
2026-02-25,67.76,Onion
2026-02-26,66.57,Onion
2026-02-27,67.02,Onion
2026-02-28,67.01,Onion
2026-03-01,66.75,Onion
2026-03-02,67.75,Onion
2026-03-03,66.99,Onion
2026-03-04,68.0,Onion
2026-03-05,68.84,Onion
2026-03-06,66.21,Onion
2026-03-07,67.25,Onion
2026-03-08,65.82,Onion
2026-03-09,65.7,Onion
2026-03-10,65.53,Onion
2026-03-11,65.21,Onion
2026-03-12,65.58,Onion
2026-03-13,66.77,Onion
2026-03-14,65.88,Onion
2026-03-15,67.45,Onion
2026-03-16,65.42,Onion
2026-03-17,68.49,Onion
2026-03-18,65.65,Onion
2026-03-19,66.52,Onion
2026-03-20,65.68,Onion
2026-03-21,68.49,Onion
2026-03-22,67.71,Onion
2026-03-23,66.55,Onion
2026-03-24,64.82,Onion
2026-03-25,66.35,Onion
2026-03-26,65.57,Onion
2026-03-27,68.32,Onion
2026-03-28,67.87,Onion
2026-03-29,67.0,Onion
2026-03-30,64.33,Onion
2026-03-31,65.42,Onion
2026-04-01,67.08,Onion
2026-04-02,68.0,Onion
2026-04-03,68.36,Onion
2026-04-04,66.09,Onion
2026-04-05,67.6,Onion
2026-04-06,67.88,Onion
2026-04-07,65.29,Onion
2026-04-08,66.95,Onion
2026-04-09,67.69,Onion
2026-04-10,67.65,Onion
2026-04-11,66.45,Onion
2026-04-12,67.65,Onion
2026-04-13,67.32,Onion
2026-04-14,67.32,Onion
2026-04-15,67.15,Onion
2026-04-16,67.76,Onion
2026-04-17,68.64,Onion
2026-04-18,69.29,Onion
2026-04-19,68.47,Onion
2026-04-20,68.07,Onion
2026-04-21,68.39,Onion
2026-04-22,66.81,Onion
2026-04-23,69.5,Onion
2026-04-24,69.61,Onion
2026-04-25,69.89,Onion
2026-04-26,70.6,Onion
2026-04-27,67.7,Onion
2026-04-28,67.56,Onion
2026-04-29,69.85,Onion
2026-04-30,70.15,Onion
2026-05-01,70.87,Onion
2026-05-02,70.57,Onion
2026-05-03,71.48,Onion
2026-05-04,71.47,Onion
2026-05-05,70.98,Onion
2026-05-06,70.59,Onion
2026-05-07,69.5,Onion
2026-05-08,72.67,Onion
2026-05-09,73.37,Onion
2026-05-10,72.78,Onion
2026-05-11,71.17,Onion
2026-05-12,72.5,Onion
2026-05-13,72.97,Onion
2026-05-14,74.19,Onion
2026-05-15,72.6,Onion
2026-05-16,73.49,Onion
2026-05-17,74.31,Onion
2026-05-18,73.48,Onion
2026-05-19,72.37,Onion
2026-05-20,74.06,Onion
2026-05-21,74.83,Onion
2026-05-22,75.0,Onion
2026-05-23,75.44,Onion
2026-05-24,74.97,Onion
2026-05-25,76.33,Onion
2026-05-26,74.16,Onion
2026-05-27,74.77,Onion
2026-05-28,75.94,Onion
2026-05-29,77.35,Onion
2026-05-30,75.55,Onion
2026-05-31,75.69,Onion
2026-06-01,74.84,Onion
2026-06-02,76.68,Onion
2026-06-03,75.99,Onion
2026-06-04,77.29,Onion
2026-06-05,78.87,Onion
2026-06-06,78.05,Onion
2026-06-07,78.81,Onion
2026-06-08,78.16,Onion
2026-06-09,79.01,Onion
2026-06-10,79.19,Onion
2026-06-11,78.78,Onion
2026-06-12,79.9,Onion
2026-06-13,81.35,Onion
2026-06-14,80.75,Onion
2026-06-15,78.96,Onion
2026-06-16,80.8,Onion
2026-06-17,79.59,Onion
2026-06-18,82.49,Onion
2026-06-19,82.79,Onion
2026-06-20,82.49,Onion
2026-06-21,82.36,Onion
2026-06-22,81.85,Onion
2026-06-23,82.64,Onion
2026-06-24,82.06,Onion
2026-06-25,83.25,Onion
2026-06-26,84.48,Onion
2026-06-27,83.54,Onion
2026-06-28,83.48,Onion
2026-06-29,82.79,Onion
2026-06-30,82.9,Onion
2026-07-01,82.56,Onion
2026-07-02,85.51,Onion
2026-07-03,87.13,Onion
2026-07-04,87.14,Onion
2026-07-05,84.38,Onion
2026-07-06,86.32,Onion
2026-07-07,86.93,Onion
2026-07-08,85.58,Onion
2026-07-09,86.73,Onion
2026-07-10,85.47,Onion
2026-07-11,87.87,Onion
2026-07-12,86.65,Onion
2026-07-13,87.59,Onion
2026-07-14,85.98,Onion
2026-07-15,88.22,Onion
2026-07-16,89.28,Onion
2026-07-17,88.29,Onion
2026-07-18,88.3,Onion
2026-07-19,87.35,Onion
2026-07-20,88.86,Onion
2026-07-21,88.53,Onion
2026-07-22,87.99,Onion
2026-07-23,90.41,Onion
2026-07-24,90.22,Onion
2026-07-25,89.98,Onion
2021-05-13,21.28,Potato
2021-05-14,21.91,Potato
2021-05-15,21.65,Potato
2021-05-16,21.36,Potato
2021-05-17,20.64,Potato
2021-05-18,21.49,Potato
2021-05-19,21.35,Potato
2021-05-20,21.9,Potato
2021-05-21,22.04,Potato
2021-05-22,22.94,Potato
2021-05-23,22.67,Potato
2021-05-24,21.96,Potato
2021-05-25,21.63,Potato
2021-05-26,21.9,Potato
2021-05-27,22.24,Potato
2021-05-28,23.02,Potato
2021-05-29,22.99,Potato
2021-05-30,23.25,Potato
2021-05-31,22.58,Potato
2021-06-01,22.42,Potato
2021-06-02,23.28,Potato
2021-06-03,22.99,Potato
2021-06-04,23.19,Potato
2021-06-05,24.07,Potato
2021-06-06,23.05,Potato
2021-06-07,23.54,Potato
2021-06-08,23.63,Potato
2021-06-09,23.52,Potato
2021-06-10,24.0,Potato
2021-06-11,23.78,Potato
2021-06-12,24.89,Potato
2021-06-13,24.68,Potato
2021-06-14,23.81,Potato
2021-06-15,24.73,Potato
2021-06-16,23.83,Potato
2021-06-17,24.18,Potato
2021-06-18,24.63,Potato
2021-06-19,25.48,Potato
2021-06-20,25.43,Potato
2021-06-21,25.15,Potato
2021-06-22,24.71,Potato
2021-06-23,24.76,Potato
2021-06-24,25.84,Potato
2021-06-25,25.73,Potato
2021-06-26,25.83,Potato
2021-06-27,26.58,Potato
2021-06-28,25.83,Potato
2021-06-29,25.77,Potato
2021-06-30,26.04,Potato
2021-07-01,26.12,Potato
2021-07-02,26.63,Potato
2021-07-03,27.25,Potato
2021-07-04,26.65,Potato
2021-07-05,26.66,Potato
2021-07-06,26.34,Potato
2021-07-07,26.16,Potato
2021-07-08,27.42,Potato
2021-07-09,27.13,Potato
2021-07-10,27.86,Potato
2021-07-11,27.64,Potato
2021-07-12,27.73,Potato
2021-07-13,26.73,Potato
2021-07-14,27.13,Potato
2021-07-15,27.78,Potato
2021-07-16,28.37,Potato
2021-07-17,28.81,Potato
2021-07-18,28.45,Potato
2021-07-19,28.02,Potato
2021-07-20,28.2,Potato
2021-07-21,28.77,Potato
2021-07-22,28.05,Potato
2021-07-23,29.01,Potato
2021-07-24,29.47,Potato
2021-07-25,29.06,Potato
2021-07-26,29.19,Potato
2021-07-27,28.39,Potato
2021-07-28,28.34,Potato
2021-07-29,29.49,Potato
2021-07-30,28.69,Potato
2021-07-31,29.68,Potato
2021-08-01,30.5,Potato
2021-08-02,29.33,Potato
2021-08-03,29.26,Potato
2021-08-04,28.98,Potato
2021-08-05,29.78,Potato
2021-08-06,30.22,Potato
2021-08-07,31.09,Potato
2021-08-08,29.9,Potato
2021-08-09,28.93,Potato
2021-08-10,29.85,Potato
2021-08-11,30.42,Potato
2021-08-12,30.1,Potato
2021-08-13,30.17,Potato
2021-08-14,30.6,Potato
2021-08-15,30.93,Potato
2021-08-16,30.21,Potato
2021-08-17,30.22,Potato
2021-08-18,29.54,Potato
2021-08-19,30.64,Potato
2021-08-20,31.56,Potato
2021-08-21,31.35,Potato
2021-08-22,30.87,Potato
2021-08-23,31.22,Potato
2021-08-24,30.98,Potato
2021-08-25,30.63,Potato
2021-08-26,30.98,Potato
2021-08-27,32.13,Potato
2021-08-28,31.63,Potato
2021-08-29,31.55,Potato
2021-08-30,31.85,Potato
2021-08-31,31.06,Potato
2021-09-01,30.96,Potato
2021-09-02,30.88,Potato
2021-09-03,32.01,Potato
2021-09-04,32.11,Potato
2021-09-05,31.68,Potato
2021-09-06,31.83,Potato
2021-09-07,30.82,Potato
2021-09-08,30.84,Potato
2021-09-09,31.54,Potato
2021-09-10,32.22,Potato
2021-09-11,31.83,Potato
2021-09-12,31.69,Potato
2021-09-13,31.4,Potato
2021-09-14,31.43,Potato
2021-09-15,31.3,Potato
2021-09-16,32.3,Potato
2021-09-17,31.59,Potato
2021-09-18,32.61,Potato
2021-09-19,32.01,Potato
2021-09-20,31.95,Potato
2021-09-21,32.22,Potato
2021-09-22,31.61,Potato
2021-09-23,32.1,Potato
2021-09-24,32.72,Potato
2021-09-25,32.06,Potato
2021-09-26,32.48,Potato
2021-09-27,32.1,Potato
2021-09-28,31.5,Potato
2021-09-29,31.87,Potato
2021-09-30,32.07,Potato
2021-10-01,32.14,Potato
2021-10-02,32.03,Potato
2021-10-03,32.55,Potato
2021-10-04,32.38,Potato
2021-10-05,31.2,Potato
2021-10-06,31.68,Potato
2021-10-07,31.5,Potato
2021-10-08,32.13,Potato
2021-10-09,32.2,Potato
2021-10-10,31.68,Potato
2021-10-11,31.59,Potato
2021-10-12,31.67,Potato
2021-10-13,31.59,Potato
2021-10-14,31.57,Potato
2021-10-15,32.61,Potato
2021-10-16,32.25,Potato
2021-10-17,32.5,Potato
2021-10-18,30.94,Potato
2021-10-19,32.15,Potato
2021-10-20,31.08,Potato
2021-10-21,31.08,Potato
2021-10-22,31.47,Potato
2021-10-23,32.22,Potato
2021-10-24,31.9,Potato
2021-10-25,31.38,Potato
2021-10-26,30.99,Potato
2021-10-27,30.43,Potato
2021-10-28,31.11,Potato
2021-10-29,30.69,Potato
2021-10-30,31.24,Potato
2021-10-31,31.45,Potato
2021-11-01,30.07,Potato
2021-11-02,31.23,Potato
2021-11-03,30.88,Potato
2021-11-04,30.36,Potato
2021-11-05,31.34,Potato
2021-11-06,31.32,Potato
2021-11-07,30.74,Potato
2021-11-08,30.49,Potato
2021-11-09,29.85,Potato
2021-11-10,29.97,Potato
2021-11-11,30.49,Potato
2021-11-12,30.79,Potato
2021-11-13,30.76,Potato
2021-11-14,30.42,Potato
2021-11-15,30.13,Potato
2021-11-16,29.73,Potato
2021-11-17,29.06,Potato
2021-11-18,29.52,Potato
2021-11-19,30.61,Potato
2021-11-20,30.66,Potato
2021-11-21,29.96,Potato
2021-11-22,29.16,Potato
2021-11-23,29.19,Potato
2021-11-24,29.15,Potato
2021-11-25,28.68,Potato
2021-11-26,29.55,Potato
2021-11-27,29.05,Potato
2021-11-28,29.02,Potato
2021-11-29,28.67,Potato
2021-11-30,28.9,Potato
2021-12-01,27.57,Potato
2021-12-02,28.49,Potato
2021-12-03,29.15,Potato
2021-12-04,29.15,Potato
2021-12-05,28.86,Potato
2021-12-06,27.68,Potato
2021-12-07,27.62,Potato
2021-12-08,27.51,Potato
2021-12-09,28.43,Potato
2021-12-10,28.22,Potato
2021-12-11,28.28,Potato
2021-12-12,27.98,Potato
2021-12-13,26.92,Potato
2021-12-14,27.2,Potato
2021-12-15,26.63,Potato
2021-12-16,27.38,Potato
2021-12-17,27.36,Potato
2021-12-18,28.03,Potato
2021-12-19,27.26,Potato
2021-12-20,27.39,Potato
2021-12-21,25.57,Potato
2021-12-22,26.83,Potato
2021-12-23,26.95,Potato
2021-12-24,27.05,Potato
2021-12-25,27.72,Potato
2021-12-26,26.08,Potato
2021-12-27,26.13,Potato
2021-12-28,26.12,Potato
2021-12-29,25.9,Potato
2021-12-30,25.85,Potato
2021-12-31,26.51,Potato
2022-01-01,26.14,Potato
2022-01-02,25.8,Potato
2022-01-03,25.16,Potato
2022-01-04,25.4,Potato
2022-01-05,25.15,Potato
2022-01-06,26.22,Potato
2022-01-07,25.93,Potato
2022-01-08,25.12,Potato
2022-01-09,25.56,Potato
2022-01-10,24.38,Potato
2022-01-11,24.3,Potato
2022-01-12,24.45,Potato
2022-01-13,24.33,Potato
2022-01-14,24.83,Potato
2022-01-15,24.78,Potato
2022-01-16,24.71,Potato
2022-01-17,24.12,Potato
2022-01-18,23.75,Potato
2022-01-19,24.4,Potato
2022-01-20,24.3,Potato
2022-01-21,24.57,Potato
2022-01-22,24.82,Potato
2022-01-23,24.74,Potato
2022-01-24,24.06,Potato
2022-01-25,22.85,Potato
2022-01-26,23.43,Potato
2022-01-27,23.83,Potato
2022-01-28,24.21,Potato
2022-01-29,23.85,Potato
2022-01-30,23.58,Potato
2022-01-31,22.74,Potato
2022-02-01,22.58,Potato
2022-02-02,22.32,Potato
2022-02-03,23.5,Potato
2022-02-04,23.2,Potato
2022-02-05,23.08,Potato
2022-02-06,23.18,Potato
2022-02-07,22.61,Potato
2022-02-08,22.0,Potato
2022-02-09,22.41,Potato
2022-02-10,22.39,Potato
2022-02-11,23.12,Potato
2022-02-12,22.97,Potato
2022-02-13,22.73,Potato
2022-02-14,22.04,Potato
2022-02-15,21.61,Potato
2022-02-16,21.98,Potato
2022-02-17,21.68,Potato
2022-02-18,23.06,Potato
2022-02-19,22.47,Potato
2022-02-20,23.04,Potato
2022-02-21,22.07,Potato
2022-02-22,21.49,Potato
2022-02-23,21.37,Potato
2022-02-24,22.11,Potato
2022-02-25,22.44,Potato
2022-02-26,22.49,Potato
2022-02-27,22.33,Potato
2022-02-28,21.61,Potato
2022-03-01,21.67,Potato
2022-03-02,21.07,Potato
2022-03-03,21.63,Potato
2022-03-04,22.28,Potato
2022-03-05,21.87,Potato
2022-03-06,21.86,Potato
2022-03-07,21.93,Potato
2022-03-08,21.14,Potato
2022-03-09,21.02,Potato
2022-03-10,21.95,Potato
2022-03-11,21.54,Potato
2022-03-12,21.9,Potato
2022-03-13,22.11,Potato
2022-03-14,21.02,Potato
2022-03-15,21.11,Potato
2022-03-16,21.08,Potato
2022-03-17,22.04,Potato
2022-03-18,21.39,Potato
2022-03-19,21.79,Potato
2022-03-20,21.6,Potato
2022-03-21,21.41,Potato
2022-03-22,21.21,Potato
2022-03-23,21.27,Potato
2022-03-24,22.02,Potato
2022-03-25,22.16,Potato
2022-03-26,21.58,Potato
2022-03-27,21.27,Potato
2022-03-28,21.17,Potato
2022-03-29,20.92,Potato
2022-03-30,21.07,Potato
2022-03-31,22.0,Potato
2022-04-01,21.83,Potato
2022-04-02,22.56,Potato
2022-04-03,22.33,Potato
2022-04-04,21.53,Potato
2022-04-05,21.1,Potato
2022-04-06,21.86,Potato
2022-04-07,21.54,Potato
2022-04-08,22.43,Potato
2022-04-09,22.49,Potato
2022-04-10,22.61,Potato
2022-04-11,21.89,Potato
2022-04-12,21.55,Potato
2022-04-13,22.05,Potato
2022-04-14,21.98,Potato
2022-04-15,22.75,Potato
2022-04-16,22.74,Potato
2022-04-17,22.49,Potato
2022-04-18,21.58,Potato
2022-04-19,21.88,Potato
2022-04-20,21.68,Potato
2022-04-21,22.66,Potato
2022-04-22,23.76,Potato
2022-04-23,23.0,Potato
2022-04-24,23.2,Potato
2022-04-25,22.86,Potato
2022-04-26,21.89,Potato
2022-04-27,22.71,Potato
2022-04-28,22.81,Potato
2022-04-29,23.22,Potato
2022-04-30,23.83,Potato
2022-05-01,23.15,Potato
2022-05-02,22.81,Potato
2022-05-03,23.05,Potato
2022-05-04,23.41,Potato
2022-05-05,23.45,Potato
2022-05-06,24.13,Potato
2022-05-07,23.58,Potato
2022-05-08,23.85,Potato
2022-05-09,23.69,Potato
2022-05-10,23.05,Potato
2022-05-11,23.75,Potato
2022-05-12,24.1,Potato
2022-05-13,24.58,Potato
2022-05-14,25.08,Potato
2022-05-15,24.93,Potato
2022-05-16,23.71,Potato
2022-05-17,23.73,Potato
2022-05-18,24.34,Potato
2022-05-19,24.53,Potato
2022-05-20,25.82,Potato
2022-05-21,25.7,Potato
2022-05-22,24.85,Potato
2022-05-23,24.54,Potato
2022-05-24,24.18,Potato
2022-05-25,24.95,Potato
2022-05-26,25.1,Potato
2022-05-27,25.57,Potato
2022-05-28,25.56,Potato
2022-05-29,26.15,Potato
2022-05-30,25.24,Potato
2022-05-31,25.02,Potato
2022-06-01,24.88,Potato
2022-06-02,26.17,Potato
2022-06-03,26.61,Potato
2022-06-04,26.99,Potato
2022-06-05,27.07,Potato
2022-06-06,26.31,Potato
2022-06-07,25.96,Potato
2022-06-08,25.72,Potato
2022-06-09,26.82,Potato
2022-06-10,27.4,Potato
2022-06-11,27.58,Potato
2022-06-12,26.64,Potato
2022-06-13,27.43,Potato
2022-06-14,27.06,Potato
2022-06-15,26.91,Potato
2022-06-16,27.45,Potato
2022-06-17,27.38,Potato
2022-06-18,28.37,Potato
2022-06-19,27.98,Potato
2022-06-20,27.38,Potato
2022-06-21,28.31,Potato
2022-06-22,28.36,Potato
2022-06-23,28.58,Potato
2022-06-24,28.82,Potato
2022-06-25,28.6,Potato
2022-06-26,28.87,Potato
2022-06-27,28.72,Potato
2022-06-28,28.36,Potato
2022-06-29,28.59,Potato
2022-06-30,29.17,Potato
2022-07-01,29.2,Potato
2022-07-02,30.1,Potato
2022-07-03,30.0,Potato
2022-07-04,29.17,Potato
2022-07-05,28.92,Potato
2022-07-06,30.11,Potato
2022-07-07,30.27,Potato
2022-07-08,29.55,Potato
2022-07-09,30.53,Potato
2022-07-10,30.05,Potato
2022-07-11,29.76,Potato
2022-07-12,29.67,Potato
2022-07-13,30.13,Potato
2022-07-14,30.56,Potato
2022-07-15,30.65,Potato
2022-07-16,30.92,Potato
2022-07-17,30.41,Potato
2022-07-18,30.77,Potato
2022-07-19,30.73,Potato
2022-07-20,31.13,Potato
2022-07-21,31.66,Potato
2022-07-22,31.84,Potato
2022-07-23,31.86,Potato
2022-07-24,32.58,Potato
2022-07-25,31.17,Potato
2022-07-26,30.84,Potato
2022-07-27,31.34,Potato
2022-07-28,32.06,Potato
2022-07-29,32.94,Potato
2022-07-30,32.49,Potato
2022-07-31,31.91,Potato
2022-08-01,32.39,Potato
2022-08-02,31.79,Potato
2022-08-03,31.76,Potato
2022-08-04,32.29,Potato
2022-08-05,33.13,Potato
2022-08-06,32.64,Potato
2022-08-07,33.59,Potato
2022-08-08,32.66,Potato
2022-08-09,32.54,Potato
2022-08-10,33.07,Potato
2022-08-11,32.91,Potato
2022-08-12,33.66,Potato
2022-08-13,33.78,Potato
2022-08-14,33.78,Potato
2022-08-15,34.1,Potato
2022-08-16,32.66,Potato
2022-08-17,33.18,Potato
2022-08-18,34.41,Potato
2022-08-19,33.81,Potato
2022-08-20,34.85,Potato
2022-08-21,34.1,Potato
2022-08-22,34.06,Potato
2022-08-23,33.69,Potato
2022-08-24,33.75,Potato
2022-08-25,33.78,Potato
2022-08-26,34.48,Potato
2022-08-27,34.92,Potato
2022-08-28,34.33,Potato
2022-08-29,33.7,Potato
2022-08-30,33.51,Potato
2022-08-31,34.5,Potato
2022-09-01,34.99,Potato
2022-09-02,34.62,Potato
2022-09-03,35.0,Potato
2022-09-04,35.21,Potato
2022-09-05,34.48,Potato
2022-09-06,34.17,Potato
2022-09-07,34.49,Potato
2022-09-08,34.31,Potato
2022-09-09,34.88,Potato
2022-09-10,35.52,Potato
2022-09-11,35.08,Potato
2022-09-12,34.76,Potato
2022-09-13,34.38,Potato
2022-09-14,34.02,Potato
2022-09-15,35.03,Potato
2022-09-16,35.75,Potato
2022-09-17,35.59,Potato
2022-09-18,35.41,Potato
2022-09-19,34.4,Potato
2022-09-20,34.38,Potato
2022-09-21,34.42,Potato
2022-09-22,34.8,Potato
2022-09-23,35.16,Potato
2022-09-24,35.68,Potato
2022-09-25,35.4,Potato
2022-09-26,35.07,Potato
2022-09-27,35.13,Potato
2022-09-28,34.66,Potato
2022-09-29,35.15,Potato
2022-09-30,35.43,Potato
2022-10-01,34.89,Potato
2022-10-02,34.81,Potato
2022-10-03,34.9,Potato
2022-10-04,34.29,Potato
2022-10-05,34.51,Potato
2022-10-06,34.41,Potato
2022-10-07,35.38,Potato
2022-10-08,35.25,Potato
2022-10-09,35.13,Potato
2022-10-10,34.67,Potato
2022-10-11,33.74,Potato
2022-10-12,34.76,Potato
2022-10-13,34.3,Potato
2022-10-14,35.0,Potato
2022-10-15,35.01,Potato
2022-10-16,35.22,Potato
2022-10-17,34.43,Potato
2022-10-18,34.42,Potato
2022-10-19,34.22,Potato
2022-10-20,34.49,Potato
2022-10-21,34.56,Potato
2022-10-22,34.74,Potato
2022-10-23,34.6,Potato
2022-10-24,34.2,Potato
2022-10-25,33.56,Potato
2022-10-26,34.33,Potato
2022-10-27,34.28,Potato
2022-10-28,34.13,Potato
2022-10-29,35.08,Potato
2022-10-30,33.64,Potato
2022-10-31,33.88,Potato
2022-11-01,33.23,Potato
2022-11-02,34.0,Potato
2022-11-03,34.08,Potato
2022-11-04,33.71,Potato
2022-11-05,34.5,Potato
2022-11-06,33.11,Potato
2022-11-07,33.61,Potato
2022-11-08,32.96,Potato
2022-11-09,32.69,Potato
2022-11-10,33.67,Potato
2022-11-11,33.92,Potato
2022-11-12,33.74,Potato
2022-11-13,33.43,Potato
2022-11-14,32.96,Potato
2022-11-15,32.35,Potato
2022-11-16,32.69,Potato
2022-11-17,32.16,Potato
2022-11-18,31.94,Potato
2022-11-19,33.31,Potato
2022-11-20,32.93,Potato
2022-11-21,32.05,Potato
2022-11-22,31.55,Potato
2022-11-23,32.4,Potato
2022-11-24,32.07,Potato
2022-11-25,32.34,Potato
2022-11-26,32.23,Potato
2022-11-27,32.49,Potato
2022-11-28,30.92,Potato
2022-11-29,31.27,Potato
2022-11-30,31.09,Potato
2022-12-01,31.59,Potato
2022-12-02,32.18,Potato
2022-12-03,31.78,Potato
2022-12-04,31.5,Potato
2022-12-05,30.41,Potato
2022-12-06,30.51,Potato
2022-12-07,30.34,Potato
2022-12-08,31.09,Potato
2022-12-09,31.23,Potato
2022-12-10,31.16,Potato
2022-12-11,31.0,Potato
2022-12-12,30.11,Potato
2022-12-13,29.66,Potato
2022-12-14,29.15,Potato
2022-12-15,30.33,Potato
2022-12-16,30.65,Potato
2022-12-17,30.63,Potato
2022-12-18,30.08,Potato
2022-12-19,30.12,Potato
2022-12-20,29.13,Potato
2022-12-21,30.02,Potato
2022-12-22,29.59,Potato
2022-12-23,29.69,Potato
2022-12-24,29.85,Potato
2022-12-25,29.59,Potato
2022-12-26,29.22,Potato
2022-12-27,29.38,Potato
2022-12-28,28.77,Potato
2022-12-29,29.27,Potato
2022-12-30,29.64,Potato
2022-12-31,29.47,Potato
2023-01-01,29.63,Potato
2023-01-02,28.31,Potato
2023-01-03,27.85,Potato
2023-01-04,27.64,Potato
2023-01-05,28.27,Potato
2023-01-06,27.93,Potato
2023-01-07,28.89,Potato
2023-01-08,28.06,Potato
2023-01-09,28.01,Potato
2023-01-10,27.55,Potato
2023-01-11,27.01,Potato
2023-01-12,28.47,Potato
2023-01-13,27.77,Potato
2023-01-14,27.75,Potato
2023-01-15,27.54,Potato
2023-01-16,27.33,Potato
2023-01-17,26.44,Potato
2023-01-18,27.11,Potato
2023-01-19,27.18,Potato
2023-01-20,27.38,Potato
2023-01-21,27.09,Potato
2023-01-22,27.14,Potato
2023-01-23,26.49,Potato
2023-01-24,25.53,Potato
2023-01-25,26.36,Potato
2023-01-26,26.24,Potato
2023-01-27,26.77,Potato
2023-01-28,26.6,Potato
2023-01-29,26.44,Potato
2023-01-30,25.89,Potato
2023-01-31,25.57,Potato
2023-02-01,25.57,Potato
2023-02-02,25.82,Potato
2023-02-03,26.73,Potato
2023-02-04,26.56,Potato
2023-02-05,26.25,Potato
2023-02-06,26.03,Potato
2023-02-07,25.04,Potato
2023-02-08,25.42,Potato
2023-02-09,25.41,Potato
2023-02-10,25.63,Potato
2023-02-11,26.42,Potato
2023-02-12,25.34,Potato
2023-02-13,26.01,Potato
2023-02-14,25.65,Potato
2023-02-15,24.11,Potato
2023-02-16,25.53,Potato
2023-02-17,25.25,Potato
2023-02-18,25.79,Potato
2023-02-19,25.34,Potato
2023-02-20,23.91,Potato
2023-02-21,24.52,Potato
2023-02-22,25.0,Potato
2023-02-23,24.98,Potato
2023-02-24,25.9,Potato
2023-02-25,25.05,Potato
2023-02-26,25.66,Potato
2023-02-27,24.52,Potato
2023-02-28,23.77,Potato
2023-03-01,24.48,Potato
2023-03-02,25.25,Potato
2023-03-03,25.08,Potato
2023-03-04,25.17,Potato
2023-03-05,24.83,Potato
2023-03-06,23.57,Potato
2023-03-07,24.76,Potato
2023-03-08,24.79,Potato
2023-03-09,25.02,Potato
2023-03-10,25.02,Potato
2023-03-11,24.99,Potato
2023-03-12,24.56,Potato
2023-03-13,24.78,Potato
2023-03-14,24.24,Potato
2023-03-15,23.63,Potato
2023-03-16,24.26,Potato
2023-03-17,24.93,Potato
2023-03-18,24.71,Potato
2023-03-19,24.88,Potato
2023-03-20,24.91,Potato
2023-03-21,24.64,Potato
2023-03-22,24.28,Potato
2023-03-23,24.12,Potato
2023-03-24,25.18,Potato
2023-03-25,24.51,Potato
2023-03-26,24.51,Potato
2023-03-27,24.02,Potato
2023-03-28,23.93,Potato
2023-03-29,24.24,Potato
2023-03-30,24.91,Potato
2023-03-31,25.05,Potato
2023-04-01,24.49,Potato
2023-04-02,25.04,Potato
2023-04-03,24.69,Potato
2023-04-04,24.46,Potato
2023-04-05,24.06,Potato
2023-04-06,24.66,Potato
2023-04-07,24.99,Potato
2023-04-08,25.58,Potato
2023-04-09,24.38,Potato
2023-04-10,24.48,Potato
2023-04-11,24.88,Potato
2023-04-12,24.38,Potato
2023-04-13,25.46,Potato
2023-04-14,26.32,Potato
2023-04-15,26.08,Potato
2023-04-16,26.82,Potato
2023-04-17,28.07,Potato
2023-04-18,27.01,Potato
2023-04-19,28.2,Potato
2023-04-20,29.59,Potato
2023-04-21,30.8,Potato
2023-04-22,32.19,Potato
2023-04-23,31.42,Potato
2023-04-24,32.04,Potato
2023-04-25,32.67,Potato
2023-04-26,32.99,Potato
2023-04-27,33.92,Potato
2023-04-28,35.35,Potato
2023-04-29,35.84,Potato
2023-04-30,36.76,Potato
2023-05-01,37.42,Potato
2023-05-02,36.94,Potato
2023-05-03,38.41,Potato
2023-05-04,38.31,Potato
2023-05-05,39.1,Potato
2023-05-06,40.38,Potato
2023-05-07,38.75,Potato
2023-05-08,37.94,Potato
2023-05-09,36.12,Potato
2023-05-10,36.05,Potato
2023-05-11,37.13,Potato
2023-05-12,36.57,Potato
2023-05-13,36.51,Potato
2023-05-14,35.36,Potato
2023-05-15,34.82,Potato
2023-05-16,33.21,Potato
2023-05-17,32.08,Potato
2023-05-18,32.64,Potato
2023-05-19,33.22,Potato
2023-05-20,32.69,Potato
2023-05-21,31.64,Potato
2023-05-22,31.19,Potato
2023-05-23,29.68,Potato
2023-05-24,29.06,Potato
2023-05-25,29.7,Potato
2023-05-26,29.0,Potato
2023-05-27,28.87,Potato
2023-05-28,28.11,Potato
2023-05-29,27.77,Potato
2023-05-30,27.89,Potato
2023-05-31,29.1,Potato
2023-06-01,28.98,Potato
2023-06-02,29.22,Potato
2023-06-03,29.37,Potato
2023-06-04,29.43,Potato
2023-06-05,29.07,Potato
2023-06-06,29.11,Potato
2023-06-07,29.78,Potato
2023-06-08,29.45,Potato
2023-06-09,31.0,Potato
2023-06-10,29.59,Potato
2023-06-11,30.19,Potato
2023-06-12,29.53,Potato
2023-06-13,29.81,Potato
2023-06-14,29.36,Potato
2023-06-15,30.04,Potato
2023-06-16,30.84,Potato
2023-06-17,30.56,Potato
2023-06-18,31.98,Potato
2023-06-19,30.97,Potato
2023-06-20,30.69,Potato
2023-06-21,30.74,Potato
2023-06-22,31.29,Potato
2023-06-23,31.56,Potato
2023-06-24,31.91,Potato
2023-06-25,31.58,Potato
2023-06-26,30.97,Potato
2023-06-27,31.11,Potato
2023-06-28,31.9,Potato
2023-06-29,32.0,Potato
2023-06-30,32.96,Potato
2023-07-01,32.95,Potato
2023-07-02,33.24,Potato
2023-07-03,32.19,Potato
2023-07-04,32.01,Potato
2023-07-05,32.01,Potato
2023-07-06,33.09,Potato
2023-07-07,33.01,Potato
2023-07-08,33.59,Potato
2023-07-09,32.6,Potato
2023-07-10,32.71,Potato
2023-07-11,33.21,Potato
2023-07-12,33.09,Potato
2023-07-13,33.88,Potato
2023-07-14,33.72,Potato
2023-07-15,34.02,Potato
2023-07-16,33.34,Potato
2023-07-17,33.6,Potato
2023-07-18,33.72,Potato
2023-07-19,33.55,Potato
2023-07-20,34.15,Potato
2023-07-21,34.28,Potato
2023-07-22,34.51,Potato
2023-07-23,34.64,Potato
2023-07-24,34.57,Potato
2023-07-25,33.99,Potato
2023-07-26,34.56,Potato
2023-07-27,35.21,Potato
2023-07-28,35.11,Potato
2023-07-29,35.06,Potato
2023-07-30,34.5,Potato
2023-07-31,35.03,Potato
2023-08-01,34.51,Potato
2023-08-02,34.98,Potato
2023-08-03,35.19,Potato
2023-08-04,35.81,Potato
2023-08-05,36.22,Potato
2023-08-06,35.77,Potato
2023-08-07,35.9,Potato
2023-08-08,35.08,Potato
2023-08-09,35.31,Potato
2023-08-10,35.85,Potato
2023-08-11,36.62,Potato
2023-08-12,36.25,Potato
2023-08-13,36.84,Potato
2023-08-14,35.45,Potato
2023-08-15,35.82,Potato
2023-08-16,36.17,Potato
2023-08-17,35.98,Potato
2023-08-18,37.09,Potato
2023-08-19,37.41,Potato
2023-08-20,37.0,Potato
2023-08-21,36.52,Potato
2023-08-22,36.31,Potato
2023-08-23,36.49,Potato
2023-08-24,37.28,Potato
2023-08-25,37.3,Potato
2023-08-26,37.37,Potato
2023-08-27,37.63,Potato
2023-08-28,37.15,Potato
2023-08-29,37.09,Potato
2023-08-30,36.47,Potato
2023-08-31,37.69,Potato
2023-09-01,37.68,Potato
2023-09-02,37.55,Potato
2023-09-03,37.92,Potato
2023-09-04,37.37,Potato
2023-09-05,36.64,Potato
2023-09-06,37.07,Potato
2023-09-07,37.81,Potato
2023-09-08,37.39,Potato
2023-09-09,38.33,Potato
2023-09-10,37.82,Potato
2023-09-11,37.67,Potato
2023-09-12,36.46,Potato
2023-09-13,37.92,Potato
2023-09-14,37.56,Potato
2023-09-15,37.99,Potato
2023-09-16,38.22,Potato
2023-09-17,38.24,Potato
2023-09-18,37.58,Potato
2023-09-19,37.92,Potato
2023-09-20,37.4,Potato
2023-09-21,38.46,Potato
2023-09-22,38.22,Potato
2023-09-23,38.39,Potato
2023-09-24,37.57,Potato
2023-09-25,37.41,Potato
2023-09-26,37.53,Potato
2023-09-27,37.01,Potato
2023-09-28,38.5,Potato
2023-09-29,38.37,Potato
2023-09-30,38.26,Potato
2023-10-01,38.08,Potato
2023-10-02,38.25,Potato
2023-10-03,37.66,Potato
2023-10-04,36.8,Potato
2023-10-05,37.7,Potato
2023-10-06,38.54,Potato
2023-10-07,38.0,Potato
2023-10-08,38.13,Potato
2023-10-09,36.76,Potato
2023-10-10,37.06,Potato
2023-10-11,37.37,Potato
2023-10-12,37.95,Potato
2023-10-13,37.89,Potato
2023-10-14,38.45,Potato
2023-10-15,37.3,Potato
2023-10-16,37.29,Potato
2023-10-17,37.12,Potato
2023-10-18,36.56,Potato
2023-10-19,37.92,Potato
2023-10-20,37.92,Potato
2023-10-21,37.49,Potato
2023-10-22,37.76,Potato
2023-10-23,36.79,Potato
2023-10-24,36.54,Potato
2023-10-25,36.34,Potato
2023-10-26,37.03,Potato
2023-10-27,36.73,Potato
2023-10-28,37.62,Potato
2023-10-29,37.87,Potato
2023-10-30,36.58,Potato
2023-10-31,35.6,Potato
2023-11-01,36.28,Potato
2023-11-02,36.76,Potato
2023-11-03,37.16,Potato
2023-11-04,37.12,Potato
2023-11-05,37.35,Potato
2023-11-06,36.25,Potato
2023-11-07,35.84,Potato
2023-11-08,36.13,Potato
2023-11-09,36.49,Potato
2023-11-10,36.58,Potato
2023-11-11,36.6,Potato
2023-11-12,36.11,Potato
2023-11-13,36.09,Potato
2023-11-14,34.95,Potato
2023-11-15,35.55,Potato
2023-11-16,36.14,Potato
2023-11-17,36.12,Potato
2023-11-18,35.55,Potato
2023-11-19,35.76,Potato
2023-11-20,35.56,Potato
2023-11-21,35.03,Potato
2023-11-22,34.59,Potato
2023-11-23,36.07,Potato
2023-11-24,35.91,Potato
2023-11-25,35.65,Potato
2023-11-26,36.21,Potato
2023-11-27,34.62,Potato
2023-11-28,33.83,Potato
2023-11-29,34.31,Potato
2023-11-30,34.7,Potato
2023-12-01,34.43,Potato
2023-12-02,35.23,Potato
2023-12-03,34.97,Potato
2023-12-04,33.61,Potato
2023-12-05,33.51,Potato
2023-12-06,33.32,Potato
2023-12-07,33.59,Potato
2023-12-08,34.5,Potato
2023-12-09,34.38,Potato
2023-12-10,33.91,Potato
2023-12-11,33.57,Potato
2023-12-12,32.96,Potato
2023-12-13,32.87,Potato
2023-12-14,33.26,Potato
2023-12-15,33.61,Potato
2023-12-16,33.7,Potato
2023-12-17,33.51,Potato
2023-12-18,32.54,Potato
2023-12-19,32.33,Potato
2023-12-20,32.23,Potato
2023-12-21,32.51,Potato
2023-12-22,33.3,Potato
2023-12-23,32.78,Potato
2023-12-24,32.61,Potato
2023-12-25,31.78,Potato
2023-12-26,32.01,Potato
2023-12-27,32.16,Potato
2023-12-28,32.13,Potato
2023-12-29,33.04,Potato
2023-12-30,31.63,Potato
2023-12-31,31.76,Potato
2024-01-01,31.7,Potato
2024-01-02,30.56,Potato
2024-01-03,31.05,Potato
2024-01-04,31.43,Potato
2024-01-05,31.62,Potato
2024-01-06,31.7,Potato
2024-01-07,31.65,Potato
2024-01-08,31.2,Potato
2024-01-09,29.97,Potato
2024-01-10,30.01,Potato
2024-01-11,30.93,Potato
2024-01-12,30.66,Potato
2024-01-13,31.75,Potato
2024-01-14,30.69,Potato
2024-01-15,30.28,Potato
2024-01-16,29.78,Potato
2024-01-17,29.73,Potato
2024-01-18,29.91,Potato
2024-01-19,31.06,Potato
2024-01-20,30.61,Potato
2024-01-21,29.43,Potato
2024-01-22,29.39,Potato
2024-01-23,29.45,Potato
2024-01-24,29.43,Potato
2024-01-25,30.02,Potato
2024-01-26,30.0,Potato
2024-01-27,29.84,Potato
2024-01-28,29.52,Potato
2024-01-29,29.17,Potato
2024-01-30,28.92,Potato
2024-01-31,28.53,Potato
2024-02-01,28.96,Potato
2024-02-02,29.59,Potato
2024-02-03,29.47,Potato
2024-02-04,29.05,Potato
2024-02-05,28.88,Potato
2024-02-06,27.99,Potato
2024-02-07,28.49,Potato
2024-02-08,29.03,Potato
2024-02-09,28.93,Potato
2024-02-10,28.94,Potato
2024-02-11,28.27,Potato
2024-02-12,28.02,Potato
2024-02-13,27.59,Potato
2024-02-14,28.22,Potato
2024-02-15,28.11,Potato
2024-02-16,28.44,Potato
2024-02-17,28.97,Potato
2024-02-18,28.24,Potato
2024-02-19,27.98,Potato
2024-02-20,27.35,Potato
2024-02-21,27.66,Potato
2024-02-22,27.81,Potato
2024-02-23,28.67,Potato
2024-02-24,28.36,Potato
2024-02-25,27.48,Potato
2024-02-26,27.33,Potato
2024-02-27,26.75,Potato
2024-02-28,27.45,Potato
2024-02-29,27.89,Potato
2024-03-01,28.07,Potato
2024-03-02,27.87,Potato
2024-03-03,27.35,Potato
2024-03-04,27.27,Potato
2024-03-05,26.76,Potato
2024-03-06,27.4,Potato
2024-03-07,27.31,Potato
2024-03-08,27.97,Potato
2024-03-09,27.73,Potato
2024-03-10,27.99,Potato
2024-03-11,26.81,Potato
2024-03-12,26.76,Potato
2024-03-13,27.17,Potato
2024-03-14,27.94,Potato
2024-03-15,27.23,Potato
2024-03-16,27.38,Potato
2024-03-17,27.72,Potato
2024-03-18,27.67,Potato
2024-03-19,27.15,Potato
2024-03-20,27.2,Potato
2024-03-21,26.97,Potato
2024-03-22,27.83,Potato
2024-03-23,28.03,Potato
2024-03-24,27.66,Potato
2024-03-25,27.27,Potato
2024-03-26,27.17,Potato
2024-03-27,26.17,Potato
2024-03-28,26.71,Potato
2024-03-29,27.42,Potato
2024-03-30,27.98,Potato
2024-03-31,27.57,Potato
2024-04-01,26.83,Potato
2024-04-02,27.62,Potato
2024-04-03,27.1,Potato
2024-04-04,27.66,Potato
2024-04-05,28.34,Potato
2024-04-06,28.89,Potato
2024-04-07,27.89,Potato
2024-04-08,27.58,Potato
2024-04-09,26.84,Potato
2024-04-10,27.4,Potato
2024-04-11,27.41,Potato
2024-04-12,28.12,Potato
2024-04-13,28.69,Potato
2024-04-14,28.32,Potato
2024-04-15,28.14,Potato
2024-04-16,27.68,Potato
2024-04-17,28.15,Potato
2024-04-18,27.84,Potato
2024-04-19,29.05,Potato
2024-04-20,28.58,Potato
2024-04-21,28.44,Potato
2024-04-22,28.08,Potato
2024-04-23,28.62,Potato
2024-04-24,27.88,Potato
2024-04-25,28.76,Potato
2024-04-26,29.2,Potato
2024-04-27,29.25,Potato
2024-04-28,28.74,Potato
2024-04-29,28.25,Potato
2024-04-30,28.05,Potato
2024-05-01,29.0,Potato
2024-05-02,28.81,Potato
2024-05-03,29.12,Potato
2024-05-04,30.06,Potato
2024-05-05,29.74,Potato
2024-05-06,29.16,Potato
2024-05-07,28.8,Potato
2024-05-08,28.2,Potato
2024-05-09,29.36,Potato
2024-05-10,30.05,Potato
2024-05-11,29.91,Potato
2024-05-12,29.73,Potato
2024-05-13,30.48,Potato
2024-05-14,28.98,Potato
2024-05-15,29.86,Potato
2024-05-16,29.96,Potato
2024-05-17,30.79,Potato
2024-05-18,30.49,Potato
2024-05-19,31.15,Potato
2024-05-20,30.28,Potato
2024-05-21,30.82,Potato
2024-05-22,30.89,Potato
2024-05-23,30.58,Potato
2024-05-24,31.04,Potato
2024-05-25,31.13,Potato
2024-05-26,31.07,Potato
2024-05-27,31.51,Potato
2024-05-28,31.48,Potato
2024-05-29,30.91,Potato
2024-05-30,31.99,Potato
2024-05-31,32.08,Potato
2024-06-01,32.21,Potato
2024-06-02,32.09,Potato
2024-06-03,32.09,Potato
2024-06-04,30.94,Potato
2024-06-05,31.72,Potato
2024-06-06,32.13,Potato
2024-06-07,33.13,Potato
2024-06-08,33.31,Potato
2024-06-09,33.25,Potato
2024-06-10,32.79,Potato
2024-06-11,32.53,Potato
2024-06-12,32.33,Potato
2024-06-13,33.21,Potato
2024-06-14,33.49,Potato
2024-06-15,33.64,Potato
2024-06-16,32.88,Potato
2024-06-17,33.72,Potato
2024-06-18,32.84,Potato
2024-06-19,33.38,Potato
2024-06-20,34.56,Potato
2024-06-21,34.71,Potato
2024-06-22,34.44,Potato
2024-06-23,35.32,Potato
2024-06-24,34.49,Potato
2024-06-25,33.67,Potato
2024-06-26,34.01,Potato
2024-06-27,35.04,Potato
2024-06-28,35.47,Potato
2024-06-29,35.52,Potato
2024-06-30,34.8,Potato
2024-07-01,34.86,Potato
2024-07-02,35.03,Potato
2024-07-03,35.61,Potato
2024-07-04,35.5,Potato
2024-07-05,35.87,Potato
2024-07-06,36.07,Potato
2024-07-07,36.16,Potato
2024-07-08,35.02,Potato
2024-07-09,35.35,Potato
2024-07-10,35.65,Potato
2024-07-11,36.32,Potato
2024-07-12,36.67,Potato
2024-07-13,36.8,Potato
2024-07-14,36.55,Potato
2024-07-15,36.42,Potato
2024-07-16,36.41,Potato
2024-07-17,36.56,Potato
2024-07-18,37.26,Potato
2024-07-19,37.26,Potato
2024-07-20,37.82,Potato
2024-07-21,36.9,Potato
2024-07-22,36.98,Potato
2024-07-23,37.42,Potato
2024-07-24,36.81,Potato
2024-07-25,37.85,Potato
2024-07-26,37.87,Potato
2024-07-27,38.32,Potato
2024-07-28,37.56,Potato
2024-07-29,38.38,Potato
2024-07-30,38.11,Potato
2024-07-31,37.51,Potato
2024-08-01,37.88,Potato
2024-08-02,38.16,Potato
2024-08-03,38.98,Potato
2024-08-04,38.79,Potato
2024-08-05,38.57,Potato
2024-08-06,38.34,Potato
2024-08-07,38.02,Potato
2024-08-08,39.21,Potato
2024-08-09,39.85,Potato
2024-08-10,39.37,Potato
2024-08-11,39.07,Potato
2024-08-12,38.84,Potato
2024-08-13,38.59,Potato
2024-08-14,39.2,Potato
2024-08-15,39.67,Potato
2024-08-16,40.03,Potato
2024-08-17,39.87,Potato
2024-08-18,39.79,Potato
2024-08-19,39.76,Potato
2024-08-20,39.41,Potato
2024-08-21,39.43,Potato
2024-08-22,39.92,Potato
2024-08-23,40.65,Potato
2024-08-24,40.28,Potato
2024-08-25,39.83,Potato
2024-08-26,39.69,Potato
2024-08-27,40.25,Potato
2024-08-28,39.46,Potato
2024-08-29,40.6,Potato
2024-08-30,40.23,Potato
2024-08-31,40.77,Potato
2024-09-01,40.76,Potato
2024-09-02,40.01,Potato
2024-09-03,39.68,Potato
2024-09-04,40.19,Potato
2024-09-05,40.11,Potato
2024-09-06,41.28,Potato
2024-09-07,40.82,Potato
2024-09-08,40.96,Potato
2024-09-09,40.18,Potato
2024-09-10,40.1,Potato
2024-09-11,40.22,Potato
2024-09-12,41.02,Potato
2024-09-13,41.3,Potato
2024-09-14,40.81,Potato
2024-09-15,40.46,Potato
2024-09-16,40.13,Potato
2024-09-17,40.0,Potato
2024-09-18,40.77,Potato
2024-09-19,40.86,Potato
2024-09-20,41.59,Potato
2024-09-21,41.03,Potato
2024-09-22,40.95,Potato
2024-09-23,40.46,Potato
2024-09-24,39.81,Potato
2024-09-25,40.87,Potato
2024-09-26,40.46,Potato
2024-09-27,40.79,Potato
2024-09-28,41.42,Potato
2024-09-29,41.41,Potato
2024-09-30,40.89,Potato
2024-10-01,40.5,Potato
2024-10-02,40.94,Potato
2024-10-03,40.58,Potato
2024-10-04,40.58,Potato
2024-10-05,41.44,Potato
2024-10-06,40.84,Potato
2024-10-07,40.73,Potato
2024-10-08,40.88,Potato
2024-10-09,40.67,Potato
2024-10-10,40.78,Potato
2024-10-11,40.83,Potato
2024-10-12,41.48,Potato
2024-10-13,41.17,Potato
2024-10-14,40.61,Potato
2024-10-15,40.12,Potato
2024-10-16,39.78,Potato
2024-10-17,40.54,Potato
2024-10-18,41.25,Potato
2024-10-19,40.62,Potato
2024-10-20,40.77,Potato
2024-10-21,40.78,Potato
2024-10-22,40.0,Potato
2024-10-23,40.03,Potato
2024-10-24,40.22,Potato
2024-10-25,40.77,Potato
2024-10-26,41.63,Potato
2024-10-27,39.97,Potato
2024-10-28,39.5,Potato
2024-10-29,39.53,Potato
2024-10-30,39.11,Potato
2024-10-31,39.51,Potato
2024-11-01,39.78,Potato
2024-11-02,40.16,Potato
2024-11-03,39.11,Potato
2024-11-04,39.09,Potato
2024-11-05,38.59,Potato
2024-11-06,38.88,Potato
2024-11-07,39.5,Potato
2024-11-08,39.83,Potato
2024-11-09,39.73,Potato
2024-11-10,39.55,Potato
2024-11-11,38.74,Potato
2024-11-12,38.48,Potato
2024-11-13,38.26,Potato
2024-11-14,38.9,Potato
2024-11-15,39.04,Potato
2024-11-16,38.6,Potato
2024-11-17,38.84,Potato
2024-11-18,39.11,Potato
2024-11-19,37.42,Potato
2024-11-20,38.01,Potato
2024-11-21,37.67,Potato
2024-11-22,39.15,Potato
2024-11-23,39.28,Potato
2024-11-24,38.64,Potato
2024-11-25,38.27,Potato
2024-11-26,37.33,Potato
2024-11-27,37.16,Potato
2024-11-28,37.23,Potato
2024-11-29,37.99,Potato
2024-11-30,38.33,Potato
2024-12-01,37.81,Potato
2024-12-02,37.06,Potato
2024-12-03,37.37,Potato
2024-12-04,36.33,Potato
2024-12-05,36.79,Potato
2024-12-06,37.71,Potato
2024-12-07,36.72,Potato
2024-12-08,36.57,Potato
2024-12-09,36.45,Potato
2024-12-10,36.35,Potato
2024-12-11,36.35,Potato
2024-12-12,36.85,Potato
2024-12-13,36.92,Potato
2024-12-14,36.4,Potato
2024-12-15,36.23,Potato
2024-12-16,35.68,Potato
2024-12-17,35.76,Potato
2024-12-18,35.72,Potato
2024-12-19,35.62,Potato
2024-12-20,35.48,Potato
2024-12-21,36.13,Potato
2024-12-22,35.18,Potato
2024-12-23,34.8,Potato
2024-12-24,34.86,Potato
2024-12-25,34.9,Potato
2024-12-26,34.84,Potato
2024-12-27,35.4,Potato
2024-12-28,35.52,Potato
2024-12-29,35.65,Potato
2024-12-30,34.77,Potato
2024-12-31,33.88,Potato
2025-01-01,33.98,Potato
2025-01-02,34.55,Potato
2025-01-03,35.03,Potato
2025-01-04,34.74,Potato
2025-01-05,34.34,Potato
2025-01-06,34.36,Potato
2025-01-07,33.51,Potato
2025-01-08,32.8,Potato
2025-01-09,34.76,Potato
2025-01-10,33.98,Potato
2025-01-11,33.94,Potato
2025-01-12,33.88,Potato
2025-01-13,33.27,Potato
2025-01-14,33.16,Potato
2025-01-15,32.91,Potato
2025-01-16,33.42,Potato
2025-01-17,33.22,Potato
2025-01-18,32.69,Potato
2025-01-19,33.28,Potato
2025-01-20,32.27,Potato
2025-01-21,31.73,Potato
2025-01-22,32.35,Potato
2025-01-23,32.65,Potato
2025-01-24,33.09,Potato
2025-01-25,33.31,Potato
2025-01-26,32.53,Potato
2025-01-27,31.52,Potato
2025-01-28,32.01,Potato
2025-01-29,31.97,Potato
2025-01-30,31.71,Potato
2025-01-31,33.06,Potato
2025-02-01,32.14,Potato
2025-02-02,32.44,Potato
2025-02-03,31.83,Potato
2025-02-04,30.89,Potato
2025-02-05,31.11,Potato
2025-02-06,31.82,Potato
2025-02-07,32.3,Potato
2025-02-08,31.72,Potato
2025-02-09,31.41,Potato
2025-02-10,30.7,Potato
2025-02-11,31.27,Potato
2025-02-12,31.17,Potato
2025-02-13,31.15,Potato
2025-02-14,31.08,Potato
2025-02-15,31.51,Potato
2025-02-16,31.25,Potato
2025-02-17,30.94,Potato
2025-02-18,29.82,Potato
2025-02-19,30.75,Potato
2025-02-20,30.75,Potato
2025-02-21,31.54,Potato
2025-02-22,31.44,Potato
2025-02-23,30.58,Potato
2025-02-24,30.47,Potato
2025-02-25,29.99,Potato
2025-02-26,30.28,Potato
2025-02-27,30.29,Potato
2025-02-28,30.77,Potato
2025-03-01,30.83,Potato
2025-03-02,30.07,Potato
2025-03-03,30.4,Potato
2025-03-04,30.6,Potato
2025-03-05,29.87,Potato
2025-03-06,30.54,Potato
2025-03-07,30.62,Potato
2025-03-08,29.97,Potato
2025-03-09,30.21,Potato
2025-03-10,30.66,Potato
2025-03-11,30.58,Potato
2025-03-12,29.9,Potato
2025-03-13,29.99,Potato
2025-03-14,31.59,Potato
2025-03-15,31.71,Potato
2025-03-16,32.51,Potato
2025-03-17,32.58,Potato
2025-03-18,32.6,Potato
2025-03-19,33.88,Potato
2025-03-20,34.7,Potato
2025-03-21,36.53,Potato
2025-03-22,37.06,Potato
2025-03-23,36.95,Potato
2025-03-24,36.48,Potato
2025-03-25,36.91,Potato
2025-03-26,38.58,Potato
2025-03-27,39.63,Potato
2025-03-28,39.92,Potato
2025-03-29,41.27,Potato
2025-03-30,41.19,Potato
2025-03-31,41.08,Potato
2025-04-01,41.08,Potato
2025-04-02,42.02,Potato
2025-04-03,42.01,Potato
2025-04-04,41.77,Potato
2025-04-05,40.89,Potato
2025-04-06,40.64,Potato
2025-04-07,39.09,Potato
2025-04-08,38.71,Potato
2025-04-09,38.03,Potato
2025-04-10,37.64,Potato
2025-04-11,38.09,Potato
2025-04-12,36.91,Potato
2025-04-13,36.01,Potato
2025-04-14,35.22,Potato
2025-04-15,34.59,Potato
2025-04-16,33.75,Potato
2025-04-17,33.7,Potato
2025-04-18,33.57,Potato
2025-04-19,32.85,Potato
2025-04-20,32.17,Potato
2025-04-21,31.12,Potato
2025-04-22,30.24,Potato
2025-04-23,31.44,Potato
2025-04-24,31.95,Potato
2025-04-25,31.95,Potato
2025-04-26,32.42,Potato
2025-04-27,31.9,Potato
2025-04-28,31.76,Potato
2025-04-29,31.64,Potato
2025-04-30,31.31,Potato
2025-05-01,32.08,Potato
2025-05-02,32.86,Potato
2025-05-03,32.93,Potato
2025-05-04,32.9,Potato
2025-05-05,32.51,Potato
2025-05-06,32.02,Potato
2025-05-07,31.67,Potato
2025-05-08,32.68,Potato
2025-05-09,33.26,Potato
2025-05-10,33.42,Potato
2025-05-11,32.73,Potato
2025-05-12,32.85,Potato
2025-05-13,32.21,Potato
2025-05-14,32.84,Potato
2025-05-15,33.74,Potato
2025-05-16,33.22,Potato
2025-05-17,33.6,Potato
2025-05-18,33.58,Potato
2025-05-19,33.67,Potato
2025-05-20,34.19,Potato
2025-05-21,33.4,Potato
2025-05-22,33.76,Potato
2025-05-23,34.15,Potato
2025-05-24,33.75,Potato
2025-05-25,34.23,Potato
2025-05-26,33.95,Potato
2025-05-27,34.21,Potato
2025-05-28,33.2,Potato
2025-05-29,34.39,Potato
2025-05-30,34.99,Potato
2025-05-31,34.67,Potato
2025-06-01,35.37,Potato
2025-06-02,34.67,Potato
2025-06-03,34.66,Potato
2025-06-04,34.59,Potato
2025-06-05,35.03,Potato
2025-06-06,35.07,Potato
2025-06-07,36.09,Potato
2025-06-08,36.05,Potato
2025-06-09,35.57,Potato
2025-06-10,34.91,Potato
2025-06-11,35.17,Potato
2025-06-12,35.46,Potato
2025-06-13,36.32,Potato
2025-06-14,37.1,Potato
2025-06-15,36.68,Potato
2025-06-16,35.88,Potato
2025-06-17,35.45,Potato
2025-06-18,36.26,Potato
2025-06-19,36.84,Potato
2025-06-20,37.1,Potato
2025-06-21,37.26,Potato
2025-06-22,37.04,Potato
2025-06-23,36.82,Potato
2025-06-24,36.4,Potato
2025-06-25,37.03,Potato
2025-06-26,37.6,Potato
2025-06-27,38.04,Potato
2025-06-28,38.2,Potato
2025-06-29,38.46,Potato
2025-06-30,37.58,Potato
2025-07-01,37.52,Potato
2025-07-02,38.34,Potato
2025-07-03,37.73,Potato
2025-07-04,38.02,Potato
2025-07-05,39.11,Potato
2025-07-06,38.69,Potato
2025-07-07,39.11,Potato
2025-07-08,38.62,Potato
2025-07-09,38.75,Potato
2025-07-10,39.26,Potato
2025-07-11,39.12,Potato
2025-07-12,39.71,Potato
2025-07-13,40.23,Potato
2025-07-14,38.75,Potato
2025-07-15,39.0,Potato
2025-07-16,38.85,Potato
2025-07-17,39.92,Potato
2025-07-18,40.52,Potato
2025-07-19,40.07,Potato
2025-07-20,40.22,Potato
2025-07-21,40.37,Potato
2025-07-22,39.75,Potato
2025-07-23,39.55,Potato
2025-07-24,40.56,Potato
2025-07-25,41.57,Potato
2025-07-26,40.6,Potato
2025-07-27,40.75,Potato
2025-07-28,40.46,Potato
2025-07-29,40.56,Potato
2025-07-30,40.67,Potato
2025-07-31,41.25,Potato
2025-08-01,42.18,Potato
2025-08-02,41.7,Potato
2025-08-03,41.23,Potato
2025-08-04,41.21,Potato
2025-08-05,41.52,Potato
2025-08-06,41.11,Potato
2025-08-07,41.88,Potato
2025-08-08,42.16,Potato
2025-08-09,42.22,Potato
2025-08-10,41.95,Potato
2025-08-11,42.06,Potato
2025-08-12,41.36,Potato
2025-08-13,41.64,Potato
2025-08-14,41.58,Potato
2025-08-15,42.56,Potato
2025-08-16,42.73,Potato
2025-08-17,42.64,Potato
2025-08-18,42.04,Potato
2025-08-19,41.57,Potato
2025-08-20,42.3,Potato
2025-08-21,42.82,Potato
2025-08-22,42.84,Potato
2025-08-23,43.31,Potato
2025-08-24,42.85,Potato
2025-08-25,42.57,Potato
2025-08-26,42.47,Potato
2025-08-27,42.38,Potato
2025-08-28,42.66,Potato
2025-08-29,44.12,Potato
2025-08-30,43.54,Potato
2025-08-31,43.45,Potato
2025-09-01,43.44,Potato
2025-09-02,43.14,Potato
2025-09-03,42.55,Potato
2025-09-04,43.15,Potato
2025-09-05,44.78,Potato
2025-09-06,43.92,Potato
2025-09-07,43.94,Potato
2025-09-08,43.35,Potato
2025-09-09,42.93,Potato
2025-09-10,43.15,Potato
2025-09-11,43.65,Potato
2025-09-12,44.09,Potato
2025-09-13,43.18,Potato
2025-09-14,43.66,Potato
2025-09-15,43.15,Potato
2025-09-16,42.53,Potato
2025-09-17,42.97,Potato
2025-09-18,42.92,Potato
2025-09-19,44.72,Potato
2025-09-20,44.03,Potato
2025-09-21,43.76,Potato
2025-09-22,43.77,Potato
2025-09-23,43.17,Potato
2025-09-24,43.58,Potato
2025-09-25,43.62,Potato
2025-09-26,44.1,Potato
2025-09-27,44.11,Potato
2025-09-28,44.26,Potato
2025-09-29,43.32,Potato
2025-09-30,42.36,Potato
2025-10-01,43.35,Potato
2025-10-02,44.05,Potato
2025-10-03,43.83,Potato
2025-10-04,43.8,Potato
2025-10-05,43.67,Potato
2025-10-06,42.62,Potato
2025-10-07,42.78,Potato
2025-10-08,42.95,Potato
2025-10-09,43.83,Potato
2025-10-10,43.79,Potato
2025-10-11,44.28,Potato
2025-10-12,43.25,Potato
2025-10-13,44.14,Potato
2025-10-14,42.66,Potato
2025-10-15,42.67,Potato
2025-10-16,43.85,Potato
2025-10-17,43.35,Potato
2025-10-18,43.9,Potato
2025-10-19,44.48,Potato
2025-10-20,42.83,Potato
2025-10-21,42.03,Potato
2025-10-22,42.78,Potato
2025-10-23,42.87,Potato
2025-10-24,43.12,Potato
2025-10-25,43.68,Potato
2025-10-26,43.54,Potato
2025-10-27,42.84,Potato
2025-10-28,42.49,Potato
2025-10-29,41.88,Potato
2025-10-30,42.56,Potato
2025-10-31,43.37,Potato
2025-11-01,42.73,Potato
2025-11-02,42.95,Potato
2025-11-03,41.98,Potato
2025-11-04,42.28,Potato
2025-11-05,41.68,Potato
2025-11-06,42.6,Potato
2025-11-07,42.92,Potato
2025-11-08,42.69,Potato
2025-11-09,42.28,Potato
2025-11-10,41.4,Potato
2025-11-11,41.02,Potato
2025-11-12,42.27,Potato
2025-11-13,41.55,Potato
2025-11-14,41.48,Potato
2025-11-15,42.28,Potato
2025-11-16,41.65,Potato
2025-11-17,41.35,Potato
2025-11-18,40.96,Potato
2025-11-19,40.56,Potato
2025-11-20,40.58,Potato
2025-11-21,41.59,Potato
2025-11-22,42.04,Potato
2025-11-23,41.13,Potato
2025-11-24,40.83,Potato
2025-11-25,40.66,Potato
2025-11-26,40.2,Potato
2025-11-27,40.44,Potato
2025-11-28,40.82,Potato
2025-11-29,41.33,Potato
2025-11-30,40.84,Potato
2025-12-01,40.24,Potato
2025-12-02,39.34,Potato
2025-12-03,40.46,Potato
2025-12-04,40.12,Potato
2025-12-05,40.31,Potato
2025-12-06,40.64,Potato
2025-12-07,40.27,Potato
2025-12-08,39.47,Potato
2025-12-09,39.38,Potato
2025-12-10,39.84,Potato
2025-12-11,39.66,Potato
2025-12-12,39.67,Potato
2025-12-13,39.38,Potato
2025-12-14,39.01,Potato
2025-12-15,38.58,Potato
2025-12-16,38.28,Potato
2025-12-17,38.06,Potato
2025-12-18,38.69,Potato
2025-12-19,39.03,Potato
2025-12-20,38.72,Potato
2025-12-21,38.12,Potato
2025-12-22,38.51,Potato
2025-12-23,38.09,Potato
2025-12-24,37.72,Potato
2025-12-25,38.14,Potato
2025-12-26,38.47,Potato
2025-12-27,38.67,Potato
2025-12-28,38.26,Potato
2025-12-29,37.48,Potato
2025-12-30,37.01,Potato
2025-12-31,36.9,Potato
2026-01-01,37.65,Potato
2026-01-02,38.39,Potato
2026-01-03,37.8,Potato
2026-01-04,37.68,Potato
2026-01-05,37.28,Potato
2026-01-06,36.5,Potato
2026-01-07,35.88,Potato
2026-01-08,36.59,Potato
2026-01-09,37.48,Potato
2026-01-10,37.07,Potato
2026-01-11,37.17,Potato
2026-01-12,35.95,Potato
2026-01-13,36.09,Potato
2026-01-14,35.64,Potato
2026-01-15,35.96,Potato
2026-01-16,36.75,Potato
2026-01-17,36.75,Potato
2026-01-18,35.69,Potato
2026-01-19,35.91,Potato
2026-01-20,35.33,Potato
2026-01-21,35.56,Potato
2026-01-22,35.9,Potato
2026-01-23,36.02,Potato
2026-01-24,36.31,Potato
2026-01-25,35.46,Potato
2026-01-26,35.43,Potato
2026-01-27,33.99,Potato
2026-01-28,34.72,Potato
2026-01-29,34.87,Potato
2026-01-30,35.43,Potato
2026-01-31,35.93,Potato
2026-02-01,35.58,Potato
2026-02-02,34.95,Potato
2026-02-03,34.3,Potato
2026-02-04,33.63,Potato
2026-02-05,34.72,Potato
2026-02-06,35.02,Potato
2026-02-07,34.79,Potato
2026-02-08,34.46,Potato
2026-02-09,34.74,Potato
2026-02-10,34.21,Potato
2026-02-11,33.69,Potato
2026-02-12,34.48,Potato
2026-02-13,34.69,Potato
2026-02-14,34.53,Potato
2026-02-15,33.99,Potato
2026-02-16,33.79,Potato
2026-02-17,33.36,Potato
2026-02-18,32.82,Potato
2026-02-19,33.81,Potato
2026-02-20,34.75,Potato
2026-02-21,33.8,Potato
2026-02-22,34.1,Potato
2026-02-23,33.72,Potato
2026-02-24,32.94,Potato
2026-02-25,33.42,Potato
2026-02-26,34.27,Potato
2026-02-27,34.05,Potato
2026-02-28,34.02,Potato
2026-03-01,33.67,Potato
2026-03-02,33.56,Potato
2026-03-03,33.06,Potato
2026-03-04,33.18,Potato
2026-03-05,33.13,Potato
2026-03-06,33.56,Potato
2026-03-07,34.1,Potato
2026-03-08,34.28,Potato
2026-03-09,33.48,Potato
2026-03-10,33.04,Potato
2026-03-11,32.57,Potato
2026-03-12,33.42,Potato
2026-03-13,33.4,Potato
2026-03-14,34.14,Potato
2026-03-15,33.25,Potato
2026-03-16,32.23,Potato
2026-03-17,33.61,Potato
2026-03-18,32.94,Potato
2026-03-19,33.12,Potato
2026-03-20,33.75,Potato
2026-03-21,33.09,Potato
2026-03-22,33.29,Potato
2026-03-23,32.65,Potato
2026-03-24,32.39,Potato
2026-03-25,32.56,Potato
2026-03-26,33.5,Potato
2026-03-27,33.7,Potato
2026-03-28,33.74,Potato
2026-03-29,33.28,Potato
2026-03-30,32.92,Potato
2026-03-31,32.66,Potato
2026-04-01,33.07,Potato
2026-04-02,33.59,Potato
2026-04-03,33.82,Potato
2026-04-04,33.88,Potato
2026-04-05,33.96,Potato
2026-04-06,33.6,Potato
2026-04-07,32.9,Potato
2026-04-08,33.09,Potato
2026-04-09,33.85,Potato
2026-04-10,34.52,Potato
2026-04-11,34.49,Potato
2026-04-12,34.15,Potato
2026-04-13,33.68,Potato
2026-04-14,32.94,Potato
2026-04-15,33.15,Potato
2026-04-16,33.97,Potato
2026-04-17,34.23,Potato
2026-04-18,34.66,Potato
2026-04-19,34.42,Potato
2026-04-20,34.21,Potato
2026-04-21,33.36,Potato
2026-04-22,33.91,Potato
2026-04-23,33.72,Potato
2026-04-24,34.62,Potato
2026-04-25,35.25,Potato
2026-04-26,34.36,Potato
2026-04-27,34.26,Potato
2026-04-28,33.72,Potato
2026-04-29,34.37,Potato
2026-04-30,35.47,Potato
2026-05-01,34.76,Potato
2026-05-02,35.25,Potato
2026-05-03,35.41,Potato
2026-05-04,35.21,Potato
2026-05-05,34.78,Potato
2026-05-06,35.11,Potato
2026-05-07,34.98,Potato
2026-05-08,35.81,Potato
2026-05-09,35.84,Potato
2026-05-10,35.41,Potato
2026-05-11,35.35,Potato
2026-05-12,34.93,Potato
2026-05-13,35.02,Potato
2026-05-14,35.93,Potato
2026-05-15,37.01,Potato
2026-05-16,36.08,Potato
2026-05-17,35.94,Potato
2026-05-18,36.1,Potato
2026-05-19,35.28,Potato
2026-05-20,35.75,Potato
2026-05-21,36.69,Potato
2026-05-22,36.78,Potato
2026-05-23,37.18,Potato
2026-05-24,37.59,Potato
2026-05-25,36.89,Potato
2026-05-26,36.02,Potato
2026-05-27,36.5,Potato
2026-05-28,37.81,Potato
2026-05-29,37.66,Potato
2026-05-30,37.43,Potato
2026-05-31,37.9,Potato
2026-06-01,37.58,Potato
2026-06-02,37.88,Potato
2026-06-03,37.59,Potato
2026-06-04,38.22,Potato
2026-06-05,38.89,Potato
2026-06-06,38.08,Potato
2026-06-07,38.43,Potato
2026-06-08,38.06,Potato
2026-06-09,37.95,Potato
2026-06-10,38.12,Potato
2026-06-11,38.53,Potato
2026-06-12,39.51,Potato
2026-06-13,39.22,Potato
2026-06-14,39.7,Potato
2026-06-15,38.57,Potato
2026-06-16,38.53,Potato
2026-06-17,38.18,Potato
2026-06-18,38.93,Potato
2026-06-19,40.63,Potato
2026-06-20,39.74,Potato
2026-06-21,40.04,Potato
2026-06-22,39.92,Potato
2026-06-23,39.67,Potato
2026-06-24,40.23,Potato
2026-06-25,41.07,Potato
2026-06-26,40.66,Potato
2026-06-27,40.84,Potato
2026-06-28,41.15,Potato
2026-06-29,40.23,Potato
2026-06-30,39.72,Potato
2026-07-01,40.62,Potato
2026-07-02,40.77,Potato
2026-07-03,41.34,Potato
2026-07-04,41.49,Potato
2026-07-05,41.46,Potato
2026-07-06,41.32,Potato
2026-07-07,40.74,Potato
2026-07-08,42.33,Potato
2026-07-09,40.96,Potato
2026-07-10,42.73,Potato
2026-07-11,42.36,Potato
2026-07-12,42.05,Potato
2026-07-13,41.89,Potato
2026-07-14,42.15,Potato
2026-07-15,41.87,Potato
2026-07-16,42.46,Potato
2026-07-17,42.91,Potato
2026-07-18,42.89,Potato
2026-07-19,43.41,Potato
2026-07-20,42.92,Potato
2026-07-21,42.59,Potato
2026-07-22,43.07,Potato
2026-07-23,43.53,Potato
2026-07-24,43.8,Potato
2026-07-25,43.8,Potato
2021-05-13,126.54,Soybean_Oil
2021-05-14,124.99,Soybean_Oil
2021-05-15,125.6,Soybean_Oil
2021-05-16,126.75,Soybean_Oil
2021-05-17,126.0,Soybean_Oil
2021-05-18,125.51,Soybean_Oil
2021-05-19,124.28,Soybean_Oil
2021-05-20,123.84,Soybean_Oil
2021-05-21,126.57,Soybean_Oil
2021-05-22,125.46,Soybean_Oil
2021-05-23,127.45,Soybean_Oil
2021-05-24,126.22,Soybean_Oil
2021-05-25,124.64,Soybean_Oil
2021-05-26,126.49,Soybean_Oil
2021-05-27,127.75,Soybean_Oil
2021-05-28,127.49,Soybean_Oil
2021-05-29,126.26,Soybean_Oil
2021-05-30,127.8,Soybean_Oil
2021-05-31,127.7,Soybean_Oil
2021-06-01,128.34,Soybean_Oil
2021-06-02,128.46,Soybean_Oil
2021-06-03,126.49,Soybean_Oil
2021-06-04,127.71,Soybean_Oil
2021-06-05,129.71,Soybean_Oil
2021-06-06,126.03,Soybean_Oil
2021-06-07,129.65,Soybean_Oil
2021-06-08,127.04,Soybean_Oil
2021-06-09,127.98,Soybean_Oil
2021-06-10,131.47,Soybean_Oil
2021-06-11,129.7,Soybean_Oil
2021-06-12,129.62,Soybean_Oil
2021-06-13,130.45,Soybean_Oil
2021-06-14,129.62,Soybean_Oil
2021-06-15,128.71,Soybean_Oil
2021-06-16,130.36,Soybean_Oil
2021-06-17,133.89,Soybean_Oil
2021-06-18,132.57,Soybean_Oil
2021-06-19,132.11,Soybean_Oil
2021-06-20,131.75,Soybean_Oil
2021-06-21,132.35,Soybean_Oil
2021-06-22,132.01,Soybean_Oil
2021-06-23,129.99,Soybean_Oil
2021-06-24,132.7,Soybean_Oil
2021-06-25,132.57,Soybean_Oil
2021-06-26,135.45,Soybean_Oil
2021-06-27,132.37,Soybean_Oil
2021-06-28,134.41,Soybean_Oil
2021-06-29,130.58,Soybean_Oil
2021-06-30,133.16,Soybean_Oil
2021-07-01,132.14,Soybean_Oil
2021-07-02,132.46,Soybean_Oil
2021-07-03,135.34,Soybean_Oil
2021-07-04,132.5,Soybean_Oil
2021-07-05,133.58,Soybean_Oil
2021-07-06,132.62,Soybean_Oil
2021-07-07,134.61,Soybean_Oil
2021-07-08,135.01,Soybean_Oil
2021-07-09,131.77,Soybean_Oil
2021-07-10,136.53,Soybean_Oil
2021-07-11,134.4,Soybean_Oil
2021-07-12,138.23,Soybean_Oil
2021-07-13,136.39,Soybean_Oil
2021-07-14,136.78,Soybean_Oil
2021-07-15,132.19,Soybean_Oil
2021-07-16,139.17,Soybean_Oil
2021-07-17,136.81,Soybean_Oil
2021-07-18,134.59,Soybean_Oil
2021-07-19,136.88,Soybean_Oil
2021-07-20,138.29,Soybean_Oil
2021-07-21,134.13,Soybean_Oil
2021-07-22,138.77,Soybean_Oil
2021-07-23,137.21,Soybean_Oil
2021-07-24,137.1,Soybean_Oil
2021-07-25,137.22,Soybean_Oil
2021-07-26,136.34,Soybean_Oil
2021-07-27,137.8,Soybean_Oil
2021-07-28,138.14,Soybean_Oil
2021-07-29,139.9,Soybean_Oil
2021-07-30,141.0,Soybean_Oil
2021-07-31,138.63,Soybean_Oil
2021-08-01,140.65,Soybean_Oil
2021-08-02,136.96,Soybean_Oil
2021-08-03,139.58,Soybean_Oil
2021-08-04,137.19,Soybean_Oil
2021-08-05,138.55,Soybean_Oil
2021-08-06,140.86,Soybean_Oil
2021-08-07,139.06,Soybean_Oil
2021-08-08,140.81,Soybean_Oil
2021-08-09,137.55,Soybean_Oil
2021-08-10,138.56,Soybean_Oil
2021-08-11,140.68,Soybean_Oil
2021-08-12,142.68,Soybean_Oil
2021-08-13,139.17,Soybean_Oil
2021-08-14,143.55,Soybean_Oil
2021-08-15,141.42,Soybean_Oil
2021-08-16,144.14,Soybean_Oil
2021-08-17,140.11,Soybean_Oil
2021-08-18,140.02,Soybean_Oil
2021-08-19,141.79,Soybean_Oil
2021-08-20,140.18,Soybean_Oil
2021-08-21,142.22,Soybean_Oil
2021-08-22,141.78,Soybean_Oil
2021-08-23,143.56,Soybean_Oil
2021-08-24,141.91,Soybean_Oil
2021-08-25,139.7,Soybean_Oil
2021-08-26,140.11,Soybean_Oil
2021-08-27,141.14,Soybean_Oil
2021-08-28,139.67,Soybean_Oil
2021-08-29,139.36,Soybean_Oil
2021-08-30,145.49,Soybean_Oil
2021-08-31,140.84,Soybean_Oil
2021-09-01,144.25,Soybean_Oil
2021-09-02,141.65,Soybean_Oil
2021-09-03,142.64,Soybean_Oil
2021-09-04,140.84,Soybean_Oil
2021-09-05,145.17,Soybean_Oil
2021-09-06,142.3,Soybean_Oil
2021-09-07,145.24,Soybean_Oil
2021-09-08,141.8,Soybean_Oil
2021-09-09,145.3,Soybean_Oil
2021-09-10,146.07,Soybean_Oil
2021-09-11,141.66,Soybean_Oil
2021-09-12,144.45,Soybean_Oil
2021-09-13,141.8,Soybean_Oil
2021-09-14,141.4,Soybean_Oil
2021-09-15,143.5,Soybean_Oil
2021-09-16,145.0,Soybean_Oil
2021-09-17,146.27,Soybean_Oil
2021-09-18,143.82,Soybean_Oil
2021-09-19,145.64,Soybean_Oil
2021-09-20,144.59,Soybean_Oil
2021-09-21,143.48,Soybean_Oil
2021-09-22,142.18,Soybean_Oil
2021-09-23,144.11,Soybean_Oil
2021-09-24,149.88,Soybean_Oil
2021-09-25,143.17,Soybean_Oil
2021-09-26,144.09,Soybean_Oil
2021-09-27,142.57,Soybean_Oil
2021-09-28,145.81,Soybean_Oil
2021-09-29,146.59,Soybean_Oil
2021-09-30,146.28,Soybean_Oil
2021-10-01,147.67,Soybean_Oil
2021-10-02,144.61,Soybean_Oil
2021-10-03,147.04,Soybean_Oil
2021-10-04,142.76,Soybean_Oil
2021-10-05,146.16,Soybean_Oil
2021-10-06,146.16,Soybean_Oil
2021-10-07,143.29,Soybean_Oil
2021-10-08,146.09,Soybean_Oil
2021-10-09,143.06,Soybean_Oil
2021-10-10,142.28,Soybean_Oil
2021-10-11,141.85,Soybean_Oil
2021-10-12,142.0,Soybean_Oil
2021-10-13,142.02,Soybean_Oil
2021-10-14,143.98,Soybean_Oil
2021-10-15,147.22,Soybean_Oil
2021-10-16,144.2,Soybean_Oil
2021-10-17,142.98,Soybean_Oil
2021-10-18,144.88,Soybean_Oil
2021-10-19,143.14,Soybean_Oil
2021-10-20,143.73,Soybean_Oil
2021-10-21,144.55,Soybean_Oil
2021-10-22,144.97,Soybean_Oil
2021-10-23,143.28,Soybean_Oil
2021-10-24,143.65,Soybean_Oil
2021-10-25,145.0,Soybean_Oil
2021-10-26,142.65,Soybean_Oil
2021-10-27,142.91,Soybean_Oil
2021-10-28,144.09,Soybean_Oil
2021-10-29,144.61,Soybean_Oil
2021-10-30,143.5,Soybean_Oil
2021-10-31,144.54,Soybean_Oil
2021-11-01,143.16,Soybean_Oil
2021-11-02,140.8,Soybean_Oil
2021-11-03,143.88,Soybean_Oil
2021-11-04,141.84,Soybean_Oil
2021-11-05,148.29,Soybean_Oil
2021-11-06,144.0,Soybean_Oil
2021-11-07,142.77,Soybean_Oil
2021-11-08,144.02,Soybean_Oil
2021-11-09,144.63,Soybean_Oil
2021-11-10,144.73,Soybean_Oil
2021-11-11,143.16,Soybean_Oil
2021-11-12,144.66,Soybean_Oil
2021-11-13,144.11,Soybean_Oil
2021-11-14,142.8,Soybean_Oil
2021-11-15,139.78,Soybean_Oil
2021-11-16,141.81,Soybean_Oil
2021-11-17,137.78,Soybean_Oil
2021-11-18,140.71,Soybean_Oil
2021-11-19,144.51,Soybean_Oil
2021-11-20,142.67,Soybean_Oil
2021-11-21,141.96,Soybean_Oil
2021-11-22,140.13,Soybean_Oil
2021-11-23,139.79,Soybean_Oil
2021-11-24,140.05,Soybean_Oil
2021-11-25,139.24,Soybean_Oil
2021-11-26,138.16,Soybean_Oil
2021-11-27,143.3,Soybean_Oil
2021-11-28,143.9,Soybean_Oil
2021-11-29,139.78,Soybean_Oil
2021-11-30,141.6,Soybean_Oil
2021-12-01,138.47,Soybean_Oil
2021-12-02,141.22,Soybean_Oil
2021-12-03,138.8,Soybean_Oil
2021-12-04,142.36,Soybean_Oil
2021-12-05,140.65,Soybean_Oil
2021-12-06,138.03,Soybean_Oil
2021-12-07,140.49,Soybean_Oil
2021-12-08,142.19,Soybean_Oil
2021-12-09,139.91,Soybean_Oil
2021-12-10,140.11,Soybean_Oil
2021-12-11,140.17,Soybean_Oil
2021-12-12,139.97,Soybean_Oil
2021-12-13,141.17,Soybean_Oil
2021-12-14,140.85,Soybean_Oil
2021-12-15,135.53,Soybean_Oil
2021-12-16,140.98,Soybean_Oil
2021-12-17,139.05,Soybean_Oil
2021-12-18,141.95,Soybean_Oil
2021-12-19,139.68,Soybean_Oil
2021-12-20,139.91,Soybean_Oil
2021-12-21,137.22,Soybean_Oil
2021-12-22,135.91,Soybean_Oil
2021-12-23,138.65,Soybean_Oil
2021-12-24,140.05,Soybean_Oil
2021-12-25,139.68,Soybean_Oil
2021-12-26,139.36,Soybean_Oil
2021-12-27,137.94,Soybean_Oil
2021-12-28,138.33,Soybean_Oil
2021-12-29,135.9,Soybean_Oil
2021-12-30,137.24,Soybean_Oil
2021-12-31,135.3,Soybean_Oil
2022-01-01,137.63,Soybean_Oil
2022-01-02,136.85,Soybean_Oil
2022-01-03,136.87,Soybean_Oil
2022-01-04,138.03,Soybean_Oil
2022-01-05,136.48,Soybean_Oil
2022-01-06,132.13,Soybean_Oil
2022-01-07,139.08,Soybean_Oil
2022-01-08,137.17,Soybean_Oil
2022-01-09,137.76,Soybean_Oil
2022-01-10,134.77,Soybean_Oil
2022-01-11,136.92,Soybean_Oil
2022-01-12,138.01,Soybean_Oil
2022-01-13,133.38,Soybean_Oil
2022-01-14,138.11,Soybean_Oil
2022-01-15,134.72,Soybean_Oil
2022-01-16,134.6,Soybean_Oil
2022-01-17,135.27,Soybean_Oil
2022-01-18,138.16,Soybean_Oil
2022-01-19,132.07,Soybean_Oil
2022-01-20,134.19,Soybean_Oil
2022-01-21,135.55,Soybean_Oil
2022-01-22,136.5,Soybean_Oil
2022-01-23,134.94,Soybean_Oil
2022-01-24,135.27,Soybean_Oil
2022-01-25,132.61,Soybean_Oil
2022-01-26,135.45,Soybean_Oil
2022-01-27,136.19,Soybean_Oil
2022-01-28,133.12,Soybean_Oil
2022-01-29,133.63,Soybean_Oil
2022-01-30,135.13,Soybean_Oil
2022-01-31,134.51,Soybean_Oil
2022-02-01,134.47,Soybean_Oil
2022-02-02,131.75,Soybean_Oil
2022-02-03,133.36,Soybean_Oil
2022-02-04,133.52,Soybean_Oil
2022-02-05,136.44,Soybean_Oil
2022-02-06,133.83,Soybean_Oil
2022-02-07,132.68,Soybean_Oil
2022-02-08,131.71,Soybean_Oil
2022-02-09,133.17,Soybean_Oil
2022-02-10,135.36,Soybean_Oil
2022-02-11,131.38,Soybean_Oil
2022-02-12,134.04,Soybean_Oil
2022-02-13,134.33,Soybean_Oil
2022-02-14,136.17,Soybean_Oil
2022-02-15,133.79,Soybean_Oil
2022-02-16,134.89,Soybean_Oil
2022-02-17,133.18,Soybean_Oil
2022-02-18,131.27,Soybean_Oil
2022-02-19,131.27,Soybean_Oil
2022-02-20,132.06,Soybean_Oil
2022-02-21,132.93,Soybean_Oil
2022-02-22,131.96,Soybean_Oil
2022-02-23,131.74,Soybean_Oil
2022-02-24,135.68,Soybean_Oil
2022-02-25,129.43,Soybean_Oil
2022-02-26,131.61,Soybean_Oil
2022-02-27,136.73,Soybean_Oil
2022-02-28,132.99,Soybean_Oil
2022-03-01,131.16,Soybean_Oil
2022-03-02,130.53,Soybean_Oil
2022-03-03,133.94,Soybean_Oil
2022-03-04,134.15,Soybean_Oil
2022-03-05,134.41,Soybean_Oil
2022-03-06,130.82,Soybean_Oil
2022-03-07,132.63,Soybean_Oil
2022-03-08,131.8,Soybean_Oil
2022-03-09,132.94,Soybean_Oil
2022-03-10,130.09,Soybean_Oil
2022-03-11,133.97,Soybean_Oil
2022-03-12,135.55,Soybean_Oil
2022-03-13,130.72,Soybean_Oil
2022-03-14,133.83,Soybean_Oil
2022-03-15,134.84,Soybean_Oil
2022-03-16,133.71,Soybean_Oil
2022-03-17,132.66,Soybean_Oil
2022-03-18,133.35,Soybean_Oil
2022-03-19,132.44,Soybean_Oil
2022-03-20,133.38,Soybean_Oil
2022-03-21,130.99,Soybean_Oil
2022-03-22,132.48,Soybean_Oil
2022-03-23,131.2,Soybean_Oil
2022-03-24,130.67,Soybean_Oil
2022-03-25,135.76,Soybean_Oil
2022-03-26,130.61,Soybean_Oil
2022-03-27,136.13,Soybean_Oil
2022-03-28,129.49,Soybean_Oil
2022-03-29,134.19,Soybean_Oil
2022-03-30,133.16,Soybean_Oil
2022-03-31,130.76,Soybean_Oil
2022-04-01,132.97,Soybean_Oil
2022-04-02,132.32,Soybean_Oil
2022-04-03,132.22,Soybean_Oil
2022-04-04,134.75,Soybean_Oil
2022-04-05,131.3,Soybean_Oil
2022-04-06,130.29,Soybean_Oil
2022-04-07,135.56,Soybean_Oil
2022-04-08,134.88,Soybean_Oil
2022-04-09,134.45,Soybean_Oil
2022-04-10,133.81,Soybean_Oil
2022-04-11,135.01,Soybean_Oil
2022-04-12,134.32,Soybean_Oil
2022-04-13,133.74,Soybean_Oil
2022-04-14,133.47,Soybean_Oil
2022-04-15,136.6,Soybean_Oil
2022-04-16,137.39,Soybean_Oil
2022-04-17,135.66,Soybean_Oil
2022-04-18,139.33,Soybean_Oil
2022-04-19,134.79,Soybean_Oil
2022-04-20,134.93,Soybean_Oil
2022-04-21,137.54,Soybean_Oil
2022-04-22,136.11,Soybean_Oil
2022-04-23,136.27,Soybean_Oil
2022-04-24,135.14,Soybean_Oil
2022-04-25,136.15,Soybean_Oil
2022-04-26,132.57,Soybean_Oil
2022-04-27,134.31,Soybean_Oil
2022-04-28,134.27,Soybean_Oil
2022-04-29,133.04,Soybean_Oil
2022-04-30,138.45,Soybean_Oil
2022-05-01,136.06,Soybean_Oil
2022-05-02,134.89,Soybean_Oil
2022-05-03,136.76,Soybean_Oil
2022-05-04,134.42,Soybean_Oil
2022-05-05,138.35,Soybean_Oil
2022-05-06,139.69,Soybean_Oil
2022-05-07,135.43,Soybean_Oil
2022-05-08,139.46,Soybean_Oil
2022-05-09,137.62,Soybean_Oil
2022-05-10,138.97,Soybean_Oil
2022-05-11,137.74,Soybean_Oil
2022-05-12,136.63,Soybean_Oil
2022-05-13,135.99,Soybean_Oil
2022-05-14,137.01,Soybean_Oil
2022-05-15,137.87,Soybean_Oil
2022-05-16,140.06,Soybean_Oil
2022-05-17,139.29,Soybean_Oil
2022-05-18,139.02,Soybean_Oil
2022-05-19,141.42,Soybean_Oil
2022-05-20,136.74,Soybean_Oil
2022-05-21,138.06,Soybean_Oil
2022-05-22,138.01,Soybean_Oil
2022-05-23,139.67,Soybean_Oil
2022-05-24,136.83,Soybean_Oil
2022-05-25,138.81,Soybean_Oil
2022-05-26,142.47,Soybean_Oil
2022-05-27,142.45,Soybean_Oil
2022-05-28,143.6,Soybean_Oil
2022-05-29,140.16,Soybean_Oil
2022-05-30,139.17,Soybean_Oil
2022-05-31,141.14,Soybean_Oil
2022-06-01,139.53,Soybean_Oil
2022-06-02,141.43,Soybean_Oil
2022-06-03,141.93,Soybean_Oil
2022-06-04,143.27,Soybean_Oil
2022-06-05,144.62,Soybean_Oil
2022-06-06,144.29,Soybean_Oil
2022-06-07,143.5,Soybean_Oil
2022-06-08,141.98,Soybean_Oil
2022-06-09,143.93,Soybean_Oil
2022-06-10,142.86,Soybean_Oil
2022-06-11,142.31,Soybean_Oil
2022-06-12,141.26,Soybean_Oil
2022-06-13,142.52,Soybean_Oil
2022-06-14,144.14,Soybean_Oil
2022-06-15,144.72,Soybean_Oil
2022-06-16,144.29,Soybean_Oil
2022-06-17,145.73,Soybean_Oil
2022-06-18,144.2,Soybean_Oil
2022-06-19,147.66,Soybean_Oil
2022-06-20,145.02,Soybean_Oil
2022-06-21,144.2,Soybean_Oil
2022-06-22,146.05,Soybean_Oil
2022-06-23,145.34,Soybean_Oil
2022-06-24,146.7,Soybean_Oil
2022-06-25,148.81,Soybean_Oil
2022-06-26,145.11,Soybean_Oil
2022-06-27,145.71,Soybean_Oil
2022-06-28,145.79,Soybean_Oil
2022-06-29,146.44,Soybean_Oil
2022-06-30,149.95,Soybean_Oil
2022-07-01,148.97,Soybean_Oil
2022-07-02,149.9,Soybean_Oil
2022-07-03,143.72,Soybean_Oil
2022-07-04,148.31,Soybean_Oil
2022-07-05,147.89,Soybean_Oil
2022-07-06,148.59,Soybean_Oil
2022-07-07,148.35,Soybean_Oil
2022-07-08,147.85,Soybean_Oil
2022-07-09,150.31,Soybean_Oil
2022-07-10,148.79,Soybean_Oil
2022-07-11,148.84,Soybean_Oil
2022-07-12,147.82,Soybean_Oil
2022-07-13,148.72,Soybean_Oil
2022-07-14,150.45,Soybean_Oil
2022-07-15,151.47,Soybean_Oil
2022-07-16,150.41,Soybean_Oil
2022-07-17,150.5,Soybean_Oil
2022-07-18,149.8,Soybean_Oil
2022-07-19,151.42,Soybean_Oil
2022-07-20,149.61,Soybean_Oil
2022-07-21,150.39,Soybean_Oil
2022-07-22,151.59,Soybean_Oil
2022-07-23,151.01,Soybean_Oil
2022-07-24,152.05,Soybean_Oil
2022-07-25,153.92,Soybean_Oil
2022-07-26,151.21,Soybean_Oil
2022-07-27,153.81,Soybean_Oil
2022-07-28,153.52,Soybean_Oil
2022-07-29,152.9,Soybean_Oil
2022-07-30,153.96,Soybean_Oil
2022-07-31,155.04,Soybean_Oil
2022-08-01,151.16,Soybean_Oil
2022-08-02,153.49,Soybean_Oil
2022-08-03,154.59,Soybean_Oil
2022-08-04,152.02,Soybean_Oil
2022-08-05,155.84,Soybean_Oil
2022-08-06,155.01,Soybean_Oil
2022-08-07,152.58,Soybean_Oil
2022-08-08,154.29,Soybean_Oil
2022-08-09,151.21,Soybean_Oil
2022-08-10,151.75,Soybean_Oil
2022-08-11,151.82,Soybean_Oil
2022-08-12,155.13,Soybean_Oil
2022-08-13,154.35,Soybean_Oil
2022-08-14,153.61,Soybean_Oil
2022-08-15,153.66,Soybean_Oil
2022-08-16,154.21,Soybean_Oil
2022-08-17,154.04,Soybean_Oil
2022-08-18,154.29,Soybean_Oil
2022-08-19,155.84,Soybean_Oil
2022-08-20,154.31,Soybean_Oil
2022-08-21,154.8,Soybean_Oil
2022-08-22,157.15,Soybean_Oil
2022-08-23,155.72,Soybean_Oil
2022-08-24,152.54,Soybean_Oil
2022-08-25,158.32,Soybean_Oil
2022-08-26,155.04,Soybean_Oil
2022-08-27,159.18,Soybean_Oil
2022-08-28,156.57,Soybean_Oil
2022-08-29,157.6,Soybean_Oil
2022-08-30,153.12,Soybean_Oil
2022-08-31,154.88,Soybean_Oil
2022-09-01,155.56,Soybean_Oil
2022-09-02,156.16,Soybean_Oil
2022-09-03,155.99,Soybean_Oil
2022-09-04,156.04,Soybean_Oil
2022-09-05,156.49,Soybean_Oil
2022-09-06,155.53,Soybean_Oil
2022-09-07,156.43,Soybean_Oil
2022-09-08,157.64,Soybean_Oil
2022-09-09,154.81,Soybean_Oil
2022-09-10,157.38,Soybean_Oil
2022-09-11,156.03,Soybean_Oil
2022-09-12,157.02,Soybean_Oil
2022-09-13,157.92,Soybean_Oil
2022-09-14,154.93,Soybean_Oil
2022-09-15,156.96,Soybean_Oil
2022-09-16,159.45,Soybean_Oil
2022-09-17,159.79,Soybean_Oil
2022-09-18,157.11,Soybean_Oil
2022-09-19,158.94,Soybean_Oil
2022-09-20,157.78,Soybean_Oil
2022-09-21,157.55,Soybean_Oil
2022-09-22,157.11,Soybean_Oil
2022-09-23,158.74,Soybean_Oil
2022-09-24,159.51,Soybean_Oil
2022-09-25,157.17,Soybean_Oil
2022-09-26,158.53,Soybean_Oil
2022-09-27,155.76,Soybean_Oil
2022-09-28,155.83,Soybean_Oil
2022-09-29,158.94,Soybean_Oil
2022-09-30,158.15,Soybean_Oil
2022-10-01,157.34,Soybean_Oil
2022-10-02,158.88,Soybean_Oil
2022-10-03,159.02,Soybean_Oil
2022-10-04,157.73,Soybean_Oil
2022-10-05,160.04,Soybean_Oil
2022-10-06,157.08,Soybean_Oil
2022-10-07,157.52,Soybean_Oil
2022-10-08,160.06,Soybean_Oil
2022-10-09,156.79,Soybean_Oil
2022-10-10,159.02,Soybean_Oil
2022-10-11,155.12,Soybean_Oil
2022-10-12,156.17,Soybean_Oil
2022-10-13,157.81,Soybean_Oil
2022-10-14,157.82,Soybean_Oil
2022-10-15,160.9,Soybean_Oil
2022-10-16,156.75,Soybean_Oil
2022-10-17,157.72,Soybean_Oil
2022-10-18,157.72,Soybean_Oil
2022-10-19,157.37,Soybean_Oil
2022-10-20,159.66,Soybean_Oil
2022-10-21,157.37,Soybean_Oil
2022-10-22,157.51,Soybean_Oil
2022-10-23,156.47,Soybean_Oil
2022-10-24,158.88,Soybean_Oil
2022-10-25,157.61,Soybean_Oil
2022-10-26,157.68,Soybean_Oil
2022-10-27,157.93,Soybean_Oil
2022-10-28,156.22,Soybean_Oil
2022-10-29,158.75,Soybean_Oil
2022-10-30,158.15,Soybean_Oil
2022-10-31,159.38,Soybean_Oil
2022-11-01,157.49,Soybean_Oil
2022-11-02,155.66,Soybean_Oil
2022-11-03,156.73,Soybean_Oil
2022-11-04,160.3,Soybean_Oil
2022-11-05,155.7,Soybean_Oil
2022-11-06,155.12,Soybean_Oil
2022-11-07,157.08,Soybean_Oil
2022-11-08,158.59,Soybean_Oil
2022-11-09,156.5,Soybean_Oil
2022-11-10,154.9,Soybean_Oil
2022-11-11,160.39,Soybean_Oil
2022-11-12,155.85,Soybean_Oil
2022-11-13,157.95,Soybean_Oil
2022-11-14,158.39,Soybean_Oil
2022-11-15,155.95,Soybean_Oil
2022-11-16,156.74,Soybean_Oil
2022-11-17,158.39,Soybean_Oil
2022-11-18,154.44,Soybean_Oil
2022-11-19,157.63,Soybean_Oil
2022-11-20,157.88,Soybean_Oil
2022-11-21,157.47,Soybean_Oil
2022-11-22,154.52,Soybean_Oil
2022-11-23,155.86,Soybean_Oil
2022-11-24,154.57,Soybean_Oil
2022-11-25,154.82,Soybean_Oil
2022-11-26,154.3,Soybean_Oil
2022-11-27,156.33,Soybean_Oil
2022-11-28,155.13,Soybean_Oil
2022-11-29,156.2,Soybean_Oil
2022-11-30,150.78,Soybean_Oil
2022-12-01,153.36,Soybean_Oil
2022-12-02,155.52,Soybean_Oil
2022-12-03,157.68,Soybean_Oil
2022-12-04,153.53,Soybean_Oil
2022-12-05,151.36,Soybean_Oil
2022-12-06,152.81,Soybean_Oil
2022-12-07,153.58,Soybean_Oil
2022-12-08,155.24,Soybean_Oil
2022-12-09,156.01,Soybean_Oil
2022-12-10,155.36,Soybean_Oil
2022-12-11,153.73,Soybean_Oil
2022-12-12,156.55,Soybean_Oil
2022-12-13,151.88,Soybean_Oil
2022-12-14,152.93,Soybean_Oil
2022-12-15,154.12,Soybean_Oil
2022-12-16,152.69,Soybean_Oil
2022-12-17,153.11,Soybean_Oil
2022-12-18,154.07,Soybean_Oil
2022-12-19,151.14,Soybean_Oil
2022-12-20,151.86,Soybean_Oil
2022-12-21,151.89,Soybean_Oil
2022-12-22,155.9,Soybean_Oil
2022-12-23,153.95,Soybean_Oil
2022-12-24,151.62,Soybean_Oil
2022-12-25,153.45,Soybean_Oil
2022-12-26,150.12,Soybean_Oil
2022-12-27,152.02,Soybean_Oil
2022-12-28,148.82,Soybean_Oil
2022-12-29,152.75,Soybean_Oil
2022-12-30,151.66,Soybean_Oil
2022-12-31,149.85,Soybean_Oil
2023-01-01,152.15,Soybean_Oil
2023-01-02,152.26,Soybean_Oil
2023-01-03,151.18,Soybean_Oil
2023-01-04,150.83,Soybean_Oil
2023-01-05,148.83,Soybean_Oil
2023-01-06,152.36,Soybean_Oil
2023-01-07,147.79,Soybean_Oil
2023-01-08,149.85,Soybean_Oil
2023-01-09,153.21,Soybean_Oil
2023-01-10,147.68,Soybean_Oil
2023-01-11,147.06,Soybean_Oil
2023-01-12,148.65,Soybean_Oil
2023-01-13,150.92,Soybean_Oil
2023-01-14,150.21,Soybean_Oil
2023-01-15,151.48,Soybean_Oil
2023-01-16,149.49,Soybean_Oil
2023-01-17,147.44,Soybean_Oil
2023-01-18,150.45,Soybean_Oil
2023-01-19,148.46,Soybean_Oil
2023-01-20,150.64,Soybean_Oil
2023-01-21,151.74,Soybean_Oil
2023-01-22,150.03,Soybean_Oil
2023-01-23,150.71,Soybean_Oil
2023-01-24,146.52,Soybean_Oil
2023-01-25,147.73,Soybean_Oil
2023-01-26,148.96,Soybean_Oil
2023-01-27,147.19,Soybean_Oil
2023-01-28,151.02,Soybean_Oil
2023-01-29,150.53,Soybean_Oil
2023-01-30,148.85,Soybean_Oil
2023-01-31,148.7,Soybean_Oil
2023-02-01,147.6,Soybean_Oil
2023-02-02,146.49,Soybean_Oil
2023-02-03,147.49,Soybean_Oil
2023-02-04,148.06,Soybean_Oil
2023-02-05,148.46,Soybean_Oil
2023-02-06,147.4,Soybean_Oil
2023-02-07,147.69,Soybean_Oil
2023-02-08,145.28,Soybean_Oil
2023-02-09,146.47,Soybean_Oil
2023-02-10,148.21,Soybean_Oil
2023-02-11,149.45,Soybean_Oil
2023-02-12,145.18,Soybean_Oil
2023-02-13,147.67,Soybean_Oil
2023-02-14,147.95,Soybean_Oil
2023-02-15,146.79,Soybean_Oil
2023-02-16,147.35,Soybean_Oil
2023-02-17,146.96,Soybean_Oil
2023-02-18,147.56,Soybean_Oil
2023-02-19,146.73,Soybean_Oil
2023-02-20,144.54,Soybean_Oil
2023-02-21,148.58,Soybean_Oil
2023-02-22,147.06,Soybean_Oil
2023-02-23,146.14,Soybean_Oil
2023-02-24,149.31,Soybean_Oil
2023-02-25,146.94,Soybean_Oil
2023-02-26,148.03,Soybean_Oil
2023-02-27,144.06,Soybean_Oil
2023-02-28,145.4,Soybean_Oil
2023-03-01,148.03,Soybean_Oil
2023-03-02,148.99,Soybean_Oil
2023-03-03,149.99,Soybean_Oil
2023-03-04,149.39,Soybean_Oil
2023-03-05,149.68,Soybean_Oil
2023-03-06,145.45,Soybean_Oil
2023-03-07,144.08,Soybean_Oil
2023-03-08,142.65,Soybean_Oil
2023-03-09,146.87,Soybean_Oil
2023-03-10,146.73,Soybean_Oil
2023-03-11,149.55,Soybean_Oil
2023-03-12,146.59,Soybean_Oil
2023-03-13,149.01,Soybean_Oil
2023-03-14,143.85,Soybean_Oil
2023-03-15,149.09,Soybean_Oil
2023-03-16,146.68,Soybean_Oil
2023-03-17,149.31,Soybean_Oil
2023-03-18,148.84,Soybean_Oil
2023-03-19,145.75,Soybean_Oil
2023-03-20,148.07,Soybean_Oil
2023-03-21,145.51,Soybean_Oil
2023-03-22,147.95,Soybean_Oil
2023-03-23,147.91,Soybean_Oil
2023-03-24,148.09,Soybean_Oil
2023-03-25,147.33,Soybean_Oil
2023-03-26,146.98,Soybean_Oil
2023-03-27,147.06,Soybean_Oil
2023-03-28,143.03,Soybean_Oil
2023-03-29,148.41,Soybean_Oil
2023-03-30,147.22,Soybean_Oil
2023-03-31,148.12,Soybean_Oil
2023-04-01,146.51,Soybean_Oil
2023-04-02,148.21,Soybean_Oil
2023-04-03,146.65,Soybean_Oil
2023-04-04,149.62,Soybean_Oil
2023-04-05,145.15,Soybean_Oil
2023-04-06,149.72,Soybean_Oil
2023-04-07,147.02,Soybean_Oil
2023-04-08,148.99,Soybean_Oil
2023-04-09,147.84,Soybean_Oil
2023-04-10,146.38,Soybean_Oil
2023-04-11,144.51,Soybean_Oil
2023-04-12,149.03,Soybean_Oil
2023-04-13,145.69,Soybean_Oil
2023-04-14,148.12,Soybean_Oil
2023-04-15,151.07,Soybean_Oil
2023-04-16,150.94,Soybean_Oil
2023-04-17,148.98,Soybean_Oil
2023-04-18,145.84,Soybean_Oil
2023-04-19,148.35,Soybean_Oil
2023-04-20,149.16,Soybean_Oil
2023-04-21,148.3,Soybean_Oil
2023-04-22,151.84,Soybean_Oil
2023-04-23,149.97,Soybean_Oil
2023-04-24,149.78,Soybean_Oil
2023-04-25,148.97,Soybean_Oil
2023-04-26,147.23,Soybean_Oil
2023-04-27,148.42,Soybean_Oil
2023-04-28,148.86,Soybean_Oil
2023-04-29,152.49,Soybean_Oil
2023-04-30,150.53,Soybean_Oil
2023-05-01,150.87,Soybean_Oil
2023-05-02,150.67,Soybean_Oil
2023-05-03,150.89,Soybean_Oil
2023-05-04,153.39,Soybean_Oil
2023-05-05,152.65,Soybean_Oil
2023-05-06,152.03,Soybean_Oil
2023-05-07,151.68,Soybean_Oil
2023-05-08,153.42,Soybean_Oil
2023-05-09,148.23,Soybean_Oil
2023-05-10,153.37,Soybean_Oil
2023-05-11,151.01,Soybean_Oil
2023-05-12,153.13,Soybean_Oil
2023-05-13,152.2,Soybean_Oil
2023-05-14,152.56,Soybean_Oil
2023-05-15,151.85,Soybean_Oil
2023-05-16,146.47,Soybean_Oil
2023-05-17,150.6,Soybean_Oil
2023-05-18,151.62,Soybean_Oil
2023-05-19,151.37,Soybean_Oil
2023-05-20,150.77,Soybean_Oil
2023-05-21,154.39,Soybean_Oil
2023-05-22,151.71,Soybean_Oil
2023-05-23,153.37,Soybean_Oil
2023-05-24,155.33,Soybean_Oil
2023-05-25,152.34,Soybean_Oil
2023-05-26,154.31,Soybean_Oil
2023-05-27,156.63,Soybean_Oil
2023-05-28,154.28,Soybean_Oil
2023-05-29,153.92,Soybean_Oil
2023-05-30,151.09,Soybean_Oil
2023-05-31,156.78,Soybean_Oil
2023-06-01,154.86,Soybean_Oil
2023-06-02,153.72,Soybean_Oil
2023-06-03,157.4,Soybean_Oil
2023-06-04,155.33,Soybean_Oil
2023-06-05,155.63,Soybean_Oil
2023-06-06,154.63,Soybean_Oil
2023-06-07,157.08,Soybean_Oil
2023-06-08,157.55,Soybean_Oil
2023-06-09,156.36,Soybean_Oil
2023-06-10,157.4,Soybean_Oil
2023-06-11,159.71,Soybean_Oil
2023-06-12,157.29,Soybean_Oil
2023-06-13,156.26,Soybean_Oil
2023-06-14,159.44,Soybean_Oil
2023-06-15,156.83,Soybean_Oil
2023-06-16,158.53,Soybean_Oil
2023-06-17,156.82,Soybean_Oil
2023-06-18,157.26,Soybean_Oil
2023-06-19,157.52,Soybean_Oil
2023-06-20,159.17,Soybean_Oil
2023-06-21,160.22,Soybean_Oil
2023-06-22,158.49,Soybean_Oil
2023-06-23,160.94,Soybean_Oil
2023-06-24,159.91,Soybean_Oil
2023-06-25,161.07,Soybean_Oil
2023-06-26,158.51,Soybean_Oil
2023-06-27,160.09,Soybean_Oil
2023-06-28,159.71,Soybean_Oil
2023-06-29,160.75,Soybean_Oil
2023-06-30,165.01,Soybean_Oil
2023-07-01,161.87,Soybean_Oil
2023-07-02,163.53,Soybean_Oil
2023-07-03,162.78,Soybean_Oil
2023-07-04,158.64,Soybean_Oil
2023-07-05,161.95,Soybean_Oil
2023-07-06,163.57,Soybean_Oil
2023-07-07,160.06,Soybean_Oil
2023-07-08,161.51,Soybean_Oil
2023-07-09,168.04,Soybean_Oil
2023-07-10,162.58,Soybean_Oil
2023-07-11,161.68,Soybean_Oil
2023-07-12,162.7,Soybean_Oil
2023-07-13,161.89,Soybean_Oil
2023-07-14,163.96,Soybean_Oil
2023-07-15,164.43,Soybean_Oil
2023-07-16,163.54,Soybean_Oil
2023-07-17,165.94,Soybean_Oil
2023-07-18,166.31,Soybean_Oil
2023-07-19,165.54,Soybean_Oil
2023-07-20,163.28,Soybean_Oil
2023-07-21,164.24,Soybean_Oil
2023-07-22,163.23,Soybean_Oil
2023-07-23,165.84,Soybean_Oil
2023-07-24,164.22,Soybean_Oil
2023-07-25,163.99,Soybean_Oil
2023-07-26,164.05,Soybean_Oil
2023-07-27,166.04,Soybean_Oil
2023-07-28,166.47,Soybean_Oil
2023-07-29,164.69,Soybean_Oil
2023-07-30,168.75,Soybean_Oil
2023-07-31,166.38,Soybean_Oil
2023-08-01,163.87,Soybean_Oil
2023-08-02,167.58,Soybean_Oil
2023-08-03,165.46,Soybean_Oil
2023-08-04,170.18,Soybean_Oil
2023-08-05,169.69,Soybean_Oil
2023-08-06,168.32,Soybean_Oil
2023-08-07,170.84,Soybean_Oil
2023-08-08,165.68,Soybean_Oil
2023-08-09,167.79,Soybean_Oil
2023-08-10,167.43,Soybean_Oil
2023-08-11,166.98,Soybean_Oil
2023-08-12,168.3,Soybean_Oil
2023-08-13,173.68,Soybean_Oil
2023-08-14,172.92,Soybean_Oil
2023-08-15,173.32,Soybean_Oil
2023-08-16,175.96,Soybean_Oil
2023-08-17,184.23,Soybean_Oil
2023-08-18,181.4,Soybean_Oil
2023-08-19,182.13,Soybean_Oil
2023-08-20,184.49,Soybean_Oil
2023-08-21,188.29,Soybean_Oil
2023-08-22,187.6,Soybean_Oil
2023-08-23,189.42,Soybean_Oil
2023-08-24,191.91,Soybean_Oil
2023-08-25,193.4,Soybean_Oil
2023-08-26,195.83,Soybean_Oil
2023-08-27,200.34,Soybean_Oil
2023-08-28,198.77,Soybean_Oil
2023-08-29,200.54,Soybean_Oil
2023-08-30,197.25,Soybean_Oil
2023-08-31,206.28,Soybean_Oil
2023-09-01,209.63,Soybean_Oil
2023-09-02,207.94,Soybean_Oil
2023-09-03,211.67,Soybean_Oil
2023-09-04,209.95,Soybean_Oil
2023-09-05,214.18,Soybean_Oil
2023-09-06,216.22,Soybean_Oil
2023-09-07,213.4,Soybean_Oil
2023-09-08,222.36,Soybean_Oil
2023-09-09,224.8,Soybean_Oil
2023-09-10,223.33,Soybean_Oil
2023-09-11,222.64,Soybean_Oil
2023-09-12,226.33,Soybean_Oil
2023-09-13,227.99,Soybean_Oil
2023-09-14,232.61,Soybean_Oil
2023-09-15,232.88,Soybean_Oil
2023-09-16,234.68,Soybean_Oil
2023-09-17,238.56,Soybean_Oil
2023-09-18,239.05,Soybean_Oil
2023-09-19,239.27,Soybean_Oil
2023-09-20,239.5,Soybean_Oil
2023-09-21,241.69,Soybean_Oil
2023-09-22,244.23,Soybean_Oil
2023-09-23,245.87,Soybean_Oil
2023-09-24,248.24,Soybean_Oil
2023-09-25,252.94,Soybean_Oil
2023-09-26,250.87,Soybean_Oil
2023-09-27,253.0,Soybean_Oil
2023-09-28,251.17,Soybean_Oil
2023-09-29,260.74,Soybean_Oil
2023-09-30,259.36,Soybean_Oil
2023-10-01,263.12,Soybean_Oil
2023-10-02,263.91,Soybean_Oil
2023-10-03,262.49,Soybean_Oil
2023-10-04,267.16,Soybean_Oil
2023-10-05,264.71,Soybean_Oil
2023-10-06,269.0,Soybean_Oil
2023-10-07,276.32,Soybean_Oil
2023-10-08,271.6,Soybean_Oil
2023-10-09,276.06,Soybean_Oil
2023-10-10,274.58,Soybean_Oil
2023-10-11,270.95,Soybean_Oil
2023-10-12,275.44,Soybean_Oil
2023-10-13,270.3,Soybean_Oil
2023-10-14,270.84,Soybean_Oil
2023-10-15,271.79,Soybean_Oil
2023-10-16,260.7,Soybean_Oil
2023-10-17,261.9,Soybean_Oil
2023-10-18,262.65,Soybean_Oil
2023-10-19,259.03,Soybean_Oil
2023-10-20,260.8,Soybean_Oil
2023-10-21,257.86,Soybean_Oil
2023-10-22,254.7,Soybean_Oil
2023-10-23,252.82,Soybean_Oil
2023-10-24,247.69,Soybean_Oil
2023-10-25,244.31,Soybean_Oil
2023-10-26,242.47,Soybean_Oil
2023-10-27,245.95,Soybean_Oil
2023-10-28,241.41,Soybean_Oil
2023-10-29,244.42,Soybean_Oil
2023-10-30,236.35,Soybean_Oil
2023-10-31,232.99,Soybean_Oil
2023-11-01,230.74,Soybean_Oil
2023-11-02,236.84,Soybean_Oil
2023-11-03,232.63,Soybean_Oil
2023-11-04,232.0,Soybean_Oil
2023-11-05,226.03,Soybean_Oil
2023-11-06,229.43,Soybean_Oil
2023-11-07,220.92,Soybean_Oil
2023-11-08,222.23,Soybean_Oil
2023-11-09,220.07,Soybean_Oil
2023-11-10,221.76,Soybean_Oil
2023-11-11,215.65,Soybean_Oil
2023-11-12,214.92,Soybean_Oil
2023-11-13,212.75,Soybean_Oil
2023-11-14,211.06,Soybean_Oil
2023-11-15,209.51,Soybean_Oil
2023-11-16,209.54,Soybean_Oil
2023-11-17,208.58,Soybean_Oil
2023-11-18,204.44,Soybean_Oil
2023-11-19,202.63,Soybean_Oil
2023-11-20,200.86,Soybean_Oil
2023-11-21,199.12,Soybean_Oil
2023-11-22,196.49,Soybean_Oil
2023-11-23,196.28,Soybean_Oil
2023-11-24,194.46,Soybean_Oil
2023-11-25,193.63,Soybean_Oil
2023-11-26,188.95,Soybean_Oil
2023-11-27,188.11,Soybean_Oil
2023-11-28,184.62,Soybean_Oil
2023-11-29,180.84,Soybean_Oil
2023-11-30,181.29,Soybean_Oil
2023-12-01,181.34,Soybean_Oil
2023-12-02,178.49,Soybean_Oil
2023-12-03,175.59,Soybean_Oil
2023-12-04,176.04,Soybean_Oil
2023-12-05,174.82,Soybean_Oil
2023-12-06,172.2,Soybean_Oil
2023-12-07,170.8,Soybean_Oil
2023-12-08,166.2,Soybean_Oil
2023-12-09,169.11,Soybean_Oil
2023-12-10,170.45,Soybean_Oil
2023-12-11,169.39,Soybean_Oil
2023-12-12,167.09,Soybean_Oil
2023-12-13,168.77,Soybean_Oil
2023-12-14,166.83,Soybean_Oil
2023-12-15,166.96,Soybean_Oil
2023-12-16,168.2,Soybean_Oil
2023-12-17,167.76,Soybean_Oil
2023-12-18,165.57,Soybean_Oil
2023-12-19,165.85,Soybean_Oil
2023-12-20,167.81,Soybean_Oil
2023-12-21,165.64,Soybean_Oil
2023-12-22,166.93,Soybean_Oil
2023-12-23,167.17,Soybean_Oil
2023-12-24,167.8,Soybean_Oil
2023-12-25,165.61,Soybean_Oil
2023-12-26,165.79,Soybean_Oil
2023-12-27,167.19,Soybean_Oil
2023-12-28,164.85,Soybean_Oil
2023-12-29,164.87,Soybean_Oil
2023-12-30,163.66,Soybean_Oil
2023-12-31,166.62,Soybean_Oil
2024-01-01,164.18,Soybean_Oil
2024-01-02,163.67,Soybean_Oil
2024-01-03,161.71,Soybean_Oil
2024-01-04,164.09,Soybean_Oil
2024-01-05,163.55,Soybean_Oil
2024-01-06,164.55,Soybean_Oil
2024-01-07,164.12,Soybean_Oil
2024-01-08,164.15,Soybean_Oil
2024-01-09,166.26,Soybean_Oil
2024-01-10,162.01,Soybean_Oil
2024-01-11,163.87,Soybean_Oil
2024-01-12,163.41,Soybean_Oil
2024-01-13,163.82,Soybean_Oil
2024-01-14,164.16,Soybean_Oil
2024-01-15,164.75,Soybean_Oil
2024-01-16,163.18,Soybean_Oil
2024-01-17,163.34,Soybean_Oil
2024-01-18,164.33,Soybean_Oil
2024-01-19,163.84,Soybean_Oil
2024-01-20,162.95,Soybean_Oil
2024-01-21,163.23,Soybean_Oil
2024-01-22,162.93,Soybean_Oil
2024-01-23,159.92,Soybean_Oil
2024-01-24,163.57,Soybean_Oil
2024-01-25,162.96,Soybean_Oil
2024-01-26,164.09,Soybean_Oil
2024-01-27,163.36,Soybean_Oil
2024-01-28,160.76,Soybean_Oil
2024-01-29,161.13,Soybean_Oil
2024-01-30,161.77,Soybean_Oil
2024-01-31,159.93,Soybean_Oil
2024-02-01,163.94,Soybean_Oil
2024-02-02,160.59,Soybean_Oil
2024-02-03,164.96,Soybean_Oil
2024-02-04,162.54,Soybean_Oil
2024-02-05,162.47,Soybean_Oil
2024-02-06,159.44,Soybean_Oil
2024-02-07,160.84,Soybean_Oil
2024-02-08,161.05,Soybean_Oil
2024-02-09,164.07,Soybean_Oil
2024-02-10,165.03,Soybean_Oil
2024-02-11,164.44,Soybean_Oil
2024-02-12,157.47,Soybean_Oil
2024-02-13,160.95,Soybean_Oil
2024-02-14,159.0,Soybean_Oil
2024-02-15,161.15,Soybean_Oil
2024-02-16,160.94,Soybean_Oil
2024-02-17,159.15,Soybean_Oil
2024-02-18,159.53,Soybean_Oil
2024-02-19,161.83,Soybean_Oil
2024-02-20,160.33,Soybean_Oil
2024-02-21,159.64,Soybean_Oil
2024-02-22,161.12,Soybean_Oil
2024-02-23,159.68,Soybean_Oil
2024-02-24,162.3,Soybean_Oil
2024-02-25,160.51,Soybean_Oil
2024-02-26,162.2,Soybean_Oil
2024-02-27,157.28,Soybean_Oil
2024-02-28,160.88,Soybean_Oil
2024-02-29,160.1,Soybean_Oil
2024-03-01,159.03,Soybean_Oil
2024-03-02,159.7,Soybean_Oil
2024-03-03,160.99,Soybean_Oil
2024-03-04,161.37,Soybean_Oil
2024-03-05,159.52,Soybean_Oil
2024-03-06,159.98,Soybean_Oil
2024-03-07,159.92,Soybean_Oil
2024-03-08,160.26,Soybean_Oil
2024-03-09,164.03,Soybean_Oil
2024-03-10,161.96,Soybean_Oil
2024-03-11,162.81,Soybean_Oil
2024-03-12,159.58,Soybean_Oil
2024-03-13,160.9,Soybean_Oil
2024-03-14,160.51,Soybean_Oil
2024-03-15,162.69,Soybean_Oil
2024-03-16,161.62,Soybean_Oil
2024-03-17,163.41,Soybean_Oil
2024-03-18,160.84,Soybean_Oil
2024-03-19,159.75,Soybean_Oil
2024-03-20,158.96,Soybean_Oil
2024-03-21,159.96,Soybean_Oil
2024-03-22,162.44,Soybean_Oil
2024-03-23,160.66,Soybean_Oil
2024-03-24,161.3,Soybean_Oil
2024-03-25,161.96,Soybean_Oil
2024-03-26,162.45,Soybean_Oil
2024-03-27,159.06,Soybean_Oil
2024-03-28,160.71,Soybean_Oil
2024-03-29,159.68,Soybean_Oil
2024-03-30,161.94,Soybean_Oil
2024-03-31,161.39,Soybean_Oil
2024-04-01,161.39,Soybean_Oil
2024-04-02,158.97,Soybean_Oil
2024-04-03,160.37,Soybean_Oil
2024-04-04,158.94,Soybean_Oil
2024-04-05,162.88,Soybean_Oil
2024-04-06,161.34,Soybean_Oil
2024-04-07,160.92,Soybean_Oil
2024-04-08,161.98,Soybean_Oil
2024-04-09,162.38,Soybean_Oil
2024-04-10,160.73,Soybean_Oil
2024-04-11,162.05,Soybean_Oil
2024-04-12,162.9,Soybean_Oil
2024-04-13,162.21,Soybean_Oil
2024-04-14,161.07,Soybean_Oil
2024-04-15,161.09,Soybean_Oil
2024-04-16,163.08,Soybean_Oil
2024-04-17,162.45,Soybean_Oil
2024-04-18,160.93,Soybean_Oil
2024-04-19,162.39,Soybean_Oil
2024-04-20,164.34,Soybean_Oil
2024-04-21,163.18,Soybean_Oil
2024-04-22,161.65,Soybean_Oil
2024-04-23,160.93,Soybean_Oil
2024-04-24,163.16,Soybean_Oil
2024-04-25,165.9,Soybean_Oil
2024-04-26,163.66,Soybean_Oil
2024-04-27,162.86,Soybean_Oil
2024-04-28,162.67,Soybean_Oil
2024-04-29,165.16,Soybean_Oil
2024-04-30,160.57,Soybean_Oil
2024-05-01,163.0,Soybean_Oil
2024-05-02,164.14,Soybean_Oil
2024-05-03,163.85,Soybean_Oil
2024-05-04,168.09,Soybean_Oil
2024-05-05,165.2,Soybean_Oil
2024-05-06,164.82,Soybean_Oil
2024-05-07,166.03,Soybean_Oil
2024-05-08,164.65,Soybean_Oil
2024-05-09,162.72,Soybean_Oil
2024-05-10,166.17,Soybean_Oil
2024-05-11,165.33,Soybean_Oil
2024-05-12,165.08,Soybean_Oil
2024-05-13,167.53,Soybean_Oil
2024-05-14,164.26,Soybean_Oil
2024-05-15,165.86,Soybean_Oil
2024-05-16,166.37,Soybean_Oil
2024-05-17,167.37,Soybean_Oil
2024-05-18,170.28,Soybean_Oil
2024-05-19,165.77,Soybean_Oil
2024-05-20,166.74,Soybean_Oil
2024-05-21,168.37,Soybean_Oil
2024-05-22,167.07,Soybean_Oil
2024-05-23,166.49,Soybean_Oil
2024-05-24,167.42,Soybean_Oil
2024-05-25,170.11,Soybean_Oil
2024-05-26,166.41,Soybean_Oil
2024-05-27,170.6,Soybean_Oil
2024-05-28,170.67,Soybean_Oil
2024-05-29,168.4,Soybean_Oil
2024-05-30,169.4,Soybean_Oil
2024-05-31,170.1,Soybean_Oil
2024-06-01,169.21,Soybean_Oil
2024-06-02,170.13,Soybean_Oil
2024-06-03,166.25,Soybean_Oil
2024-06-04,166.78,Soybean_Oil
2024-06-05,168.17,Soybean_Oil
2024-06-06,169.05,Soybean_Oil
2024-06-07,171.43,Soybean_Oil
2024-06-08,171.26,Soybean_Oil
2024-06-09,172.06,Soybean_Oil
2024-06-10,170.64,Soybean_Oil
2024-06-11,170.58,Soybean_Oil
2024-06-12,171.53,Soybean_Oil
2024-06-13,170.21,Soybean_Oil
2024-06-14,170.68,Soybean_Oil
2024-06-15,171.38,Soybean_Oil
2024-06-16,170.13,Soybean_Oil
2024-06-17,171.19,Soybean_Oil
2024-06-18,171.52,Soybean_Oil
2024-06-19,170.62,Soybean_Oil
2024-06-20,171.46,Soybean_Oil
2024-06-21,172.43,Soybean_Oil
2024-06-22,175.26,Soybean_Oil
2024-06-23,175.51,Soybean_Oil
2024-06-24,172.09,Soybean_Oil
2024-06-25,174.8,Soybean_Oil
2024-06-26,173.41,Soybean_Oil
2024-06-27,172.57,Soybean_Oil
2024-06-28,174.29,Soybean_Oil
2024-06-29,173.89,Soybean_Oil
2024-06-30,173.74,Soybean_Oil
2024-07-01,172.55,Soybean_Oil
2024-07-02,174.72,Soybean_Oil
2024-07-03,172.49,Soybean_Oil
2024-07-04,174.39,Soybean_Oil
2024-07-05,176.72,Soybean_Oil
2024-07-06,178.79,Soybean_Oil
2024-07-07,175.93,Soybean_Oil
2024-07-08,176.0,Soybean_Oil
2024-07-09,176.86,Soybean_Oil
2024-07-10,175.8,Soybean_Oil
2024-07-11,178.55,Soybean_Oil
2024-07-12,173.84,Soybean_Oil
2024-07-13,177.94,Soybean_Oil
2024-07-14,176.09,Soybean_Oil
2024-07-15,177.32,Soybean_Oil
2024-07-16,178.91,Soybean_Oil
2024-07-17,177.32,Soybean_Oil
2024-07-18,177.2,Soybean_Oil
2024-07-19,178.53,Soybean_Oil
2024-07-20,178.0,Soybean_Oil
2024-07-21,178.69,Soybean_Oil
2024-07-22,177.72,Soybean_Oil
2024-07-23,177.08,Soybean_Oil
2024-07-24,176.42,Soybean_Oil
2024-07-25,179.86,Soybean_Oil
2024-07-26,179.08,Soybean_Oil
2024-07-27,177.91,Soybean_Oil
2024-07-28,177.9,Soybean_Oil
2024-07-29,179.52,Soybean_Oil
2024-07-30,178.01,Soybean_Oil
2024-07-31,179.82,Soybean_Oil
2024-08-01,181.71,Soybean_Oil
2024-08-02,185.3,Soybean_Oil
2024-08-03,181.42,Soybean_Oil
2024-08-04,183.1,Soybean_Oil
2024-08-05,178.24,Soybean_Oil
2024-08-06,179.46,Soybean_Oil
2024-08-07,180.92,Soybean_Oil
2024-08-08,181.83,Soybean_Oil
2024-08-09,179.45,Soybean_Oil
2024-08-10,183.48,Soybean_Oil
2024-08-11,182.65,Soybean_Oil
2024-08-12,182.06,Soybean_Oil
2024-08-13,182.1,Soybean_Oil
2024-08-14,180.9,Soybean_Oil
2024-08-15,183.61,Soybean_Oil
2024-08-16,182.97,Soybean_Oil
2024-08-17,182.4,Soybean_Oil
2024-08-18,183.55,Soybean_Oil
2024-08-19,180.91,Soybean_Oil
2024-08-20,181.7,Soybean_Oil
2024-08-21,181.89,Soybean_Oil
2024-08-22,183.35,Soybean_Oil
2024-08-23,183.01,Soybean_Oil
2024-08-24,184.04,Soybean_Oil
2024-08-25,181.62,Soybean_Oil
2024-08-26,181.48,Soybean_Oil
2024-08-27,183.75,Soybean_Oil
2024-08-28,183.24,Soybean_Oil
2024-08-29,182.69,Soybean_Oil
2024-08-30,184.67,Soybean_Oil
2024-08-31,184.95,Soybean_Oil
2024-09-01,185.77,Soybean_Oil
2024-09-02,184.59,Soybean_Oil
2024-09-03,182.72,Soybean_Oil
2024-09-04,184.08,Soybean_Oil
2024-09-05,186.0,Soybean_Oil
2024-09-06,185.8,Soybean_Oil
2024-09-07,184.21,Soybean_Oil
2024-09-08,186.66,Soybean_Oil
2024-09-09,183.53,Soybean_Oil
2024-09-10,184.08,Soybean_Oil
2024-09-11,181.89,Soybean_Oil
2024-09-12,185.1,Soybean_Oil
2024-09-13,185.88,Soybean_Oil
2024-09-14,185.27,Soybean_Oil
2024-09-15,185.35,Soybean_Oil
2024-09-16,183.93,Soybean_Oil
2024-09-17,185.51,Soybean_Oil
2024-09-18,184.14,Soybean_Oil
2024-09-19,186.18,Soybean_Oil
2024-09-20,186.4,Soybean_Oil
2024-09-21,186.05,Soybean_Oil
2024-09-22,186.18,Soybean_Oil
2024-09-23,185.75,Soybean_Oil
2024-09-24,184.87,Soybean_Oil
2024-09-25,183.05,Soybean_Oil
2024-09-26,188.03,Soybean_Oil
2024-09-27,189.4,Soybean_Oil
2024-09-28,186.64,Soybean_Oil
2024-09-29,184.92,Soybean_Oil
2024-09-30,185.95,Soybean_Oil
2024-10-01,183.4,Soybean_Oil
2024-10-02,186.28,Soybean_Oil
2024-10-03,188.24,Soybean_Oil
2024-10-04,187.0,Soybean_Oil
2024-10-05,187.18,Soybean_Oil
2024-10-06,183.29,Soybean_Oil
2024-10-07,185.21,Soybean_Oil
2024-10-08,183.55,Soybean_Oil
2024-10-09,187.96,Soybean_Oil
2024-10-10,185.77,Soybean_Oil
2024-10-11,185.84,Soybean_Oil
2024-10-12,187.17,Soybean_Oil
2024-10-13,187.65,Soybean_Oil
2024-10-14,186.58,Soybean_Oil
2024-10-15,184.3,Soybean_Oil
2024-10-16,185.98,Soybean_Oil
2024-10-17,186.61,Soybean_Oil
2024-10-18,185.75,Soybean_Oil
2024-10-19,187.3,Soybean_Oil
2024-10-20,184.89,Soybean_Oil
2024-10-21,186.32,Soybean_Oil
2024-10-22,186.85,Soybean_Oil
2024-10-23,185.9,Soybean_Oil
2024-10-24,184.32,Soybean_Oil
2024-10-25,186.66,Soybean_Oil
2024-10-26,187.28,Soybean_Oil
2024-10-27,186.76,Soybean_Oil
2024-10-28,183.87,Soybean_Oil
2024-10-29,184.86,Soybean_Oil
2024-10-30,185.07,Soybean_Oil
2024-10-31,189.81,Soybean_Oil
2024-11-01,186.67,Soybean_Oil
2024-11-02,185.35,Soybean_Oil
2024-11-03,187.09,Soybean_Oil
2024-11-04,184.54,Soybean_Oil
2024-11-05,184.53,Soybean_Oil
2024-11-06,186.96,Soybean_Oil
2024-11-07,186.79,Soybean_Oil
2024-11-08,185.68,Soybean_Oil
2024-11-09,184.13,Soybean_Oil
2024-11-10,180.47,Soybean_Oil
2024-11-11,184.54,Soybean_Oil
2024-11-12,182.61,Soybean_Oil
2024-11-13,185.6,Soybean_Oil
2024-11-14,186.02,Soybean_Oil
2024-11-15,182.74,Soybean_Oil
2024-11-16,182.69,Soybean_Oil
2024-11-17,183.62,Soybean_Oil
2024-11-18,183.88,Soybean_Oil
2024-11-19,184.73,Soybean_Oil
2024-11-20,181.39,Soybean_Oil
2024-11-21,180.46,Soybean_Oil
2024-11-22,183.39,Soybean_Oil
2024-11-23,183.06,Soybean_Oil
2024-11-24,183.25,Soybean_Oil
2024-11-25,185.01,Soybean_Oil
2024-11-26,181.72,Soybean_Oil
2024-11-27,184.01,Soybean_Oil
2024-11-28,182.44,Soybean_Oil
2024-11-29,183.78,Soybean_Oil
2024-11-30,184.34,Soybean_Oil
2024-12-01,182.51,Soybean_Oil
2024-12-02,179.71,Soybean_Oil
2024-12-03,180.22,Soybean_Oil
2024-12-04,181.43,Soybean_Oil
2024-12-05,179.69,Soybean_Oil
2024-12-06,180.21,Soybean_Oil
2024-12-07,181.42,Soybean_Oil
2024-12-08,180.31,Soybean_Oil
2024-12-09,182.38,Soybean_Oil
2024-12-10,181.95,Soybean_Oil
2024-12-11,177.04,Soybean_Oil
2024-12-12,182.02,Soybean_Oil
2024-12-13,180.3,Soybean_Oil
2024-12-14,181.09,Soybean_Oil
2024-12-15,183.11,Soybean_Oil
2024-12-16,180.68,Soybean_Oil
2024-12-17,179.68,Soybean_Oil
2024-12-18,178.79,Soybean_Oil
2024-12-19,180.57,Soybean_Oil
2024-12-20,181.51,Soybean_Oil
2024-12-21,181.9,Soybean_Oil
2024-12-22,179.53,Soybean_Oil
2024-12-23,182.68,Soybean_Oil
2024-12-24,179.2,Soybean_Oil
2024-12-25,182.08,Soybean_Oil
2024-12-26,179.78,Soybean_Oil
2024-12-27,182.47,Soybean_Oil
2024-12-28,182.38,Soybean_Oil
2024-12-29,178.32,Soybean_Oil
2024-12-30,178.75,Soybean_Oil
2024-12-31,178.34,Soybean_Oil
2025-01-01,179.7,Soybean_Oil
2025-01-02,177.54,Soybean_Oil
2025-01-03,177.41,Soybean_Oil
2025-01-04,183.73,Soybean_Oil
2025-01-05,179.91,Soybean_Oil
2025-01-06,180.03,Soybean_Oil
2025-01-07,178.18,Soybean_Oil
2025-01-08,178.4,Soybean_Oil
2025-01-09,179.32,Soybean_Oil
2025-01-10,178.91,Soybean_Oil
2025-01-11,178.11,Soybean_Oil
2025-01-12,177.61,Soybean_Oil
2025-01-13,179.68,Soybean_Oil
2025-01-14,176.09,Soybean_Oil
2025-01-15,178.16,Soybean_Oil
2025-01-16,177.57,Soybean_Oil
2025-01-17,177.36,Soybean_Oil
2025-01-18,179.0,Soybean_Oil
2025-01-19,176.67,Soybean_Oil
2025-01-20,173.54,Soybean_Oil
2025-01-21,177.74,Soybean_Oil
2025-01-22,176.67,Soybean_Oil
2025-01-23,177.27,Soybean_Oil
2025-01-24,178.7,Soybean_Oil
2025-01-25,176.83,Soybean_Oil
2025-01-26,178.6,Soybean_Oil
2025-01-27,175.69,Soybean_Oil
2025-01-28,179.11,Soybean_Oil
2025-01-29,173.85,Soybean_Oil
2025-01-30,175.96,Soybean_Oil
2025-01-31,175.83,Soybean_Oil
2025-02-01,174.33,Soybean_Oil
2025-02-02,174.37,Soybean_Oil
2025-02-03,175.37,Soybean_Oil
2025-02-04,172.32,Soybean_Oil
2025-02-05,174.96,Soybean_Oil
2025-02-06,176.45,Soybean_Oil
2025-02-07,173.87,Soybean_Oil
2025-02-08,174.39,Soybean_Oil
2025-02-09,173.02,Soybean_Oil
2025-02-10,174.02,Soybean_Oil
2025-02-11,174.13,Soybean_Oil
2025-02-12,173.18,Soybean_Oil
2025-02-13,173.65,Soybean_Oil
2025-02-14,175.35,Soybean_Oil
2025-02-15,175.72,Soybean_Oil
2025-02-16,172.99,Soybean_Oil
2025-02-17,173.55,Soybean_Oil
2025-02-18,172.94,Soybean_Oil
2025-02-19,171.6,Soybean_Oil
2025-02-20,174.35,Soybean_Oil
2025-02-21,175.44,Soybean_Oil
2025-02-22,175.22,Soybean_Oil
2025-02-23,173.21,Soybean_Oil
2025-02-24,175.77,Soybean_Oil
2025-02-25,175.07,Soybean_Oil
2025-02-26,172.79,Soybean_Oil
2025-02-27,173.72,Soybean_Oil
2025-02-28,175.95,Soybean_Oil
2025-03-01,173.93,Soybean_Oil
2025-03-02,176.15,Soybean_Oil
2025-03-03,176.3,Soybean_Oil
2025-03-04,173.58,Soybean_Oil
2025-03-05,173.86,Soybean_Oil
2025-03-06,174.22,Soybean_Oil
2025-03-07,176.58,Soybean_Oil
2025-03-08,175.98,Soybean_Oil
2025-03-09,172.83,Soybean_Oil
2025-03-10,171.88,Soybean_Oil
2025-03-11,172.73,Soybean_Oil
2025-03-12,173.28,Soybean_Oil
2025-03-13,172.65,Soybean_Oil
2025-03-14,175.95,Soybean_Oil
2025-03-15,174.85,Soybean_Oil
2025-03-16,175.86,Soybean_Oil
2025-03-17,175.6,Soybean_Oil
2025-03-18,172.44,Soybean_Oil
2025-03-19,177.06,Soybean_Oil
2025-03-20,176.84,Soybean_Oil
2025-03-21,174.48,Soybean_Oil
2025-03-22,173.6,Soybean_Oil
2025-03-23,173.43,Soybean_Oil
2025-03-24,175.09,Soybean_Oil
2025-03-25,173.23,Soybean_Oil
2025-03-26,174.66,Soybean_Oil
2025-03-27,177.38,Soybean_Oil
2025-03-28,174.96,Soybean_Oil
2025-03-29,174.69,Soybean_Oil
2025-03-30,175.67,Soybean_Oil
2025-03-31,175.11,Soybean_Oil
2025-04-01,172.85,Soybean_Oil
2025-04-02,171.85,Soybean_Oil
2025-04-03,174.73,Soybean_Oil
2025-04-04,174.83,Soybean_Oil
2025-04-05,174.88,Soybean_Oil
2025-04-06,175.51,Soybean_Oil
2025-04-07,175.81,Soybean_Oil
2025-04-08,173.6,Soybean_Oil
2025-04-09,176.22,Soybean_Oil
2025-04-10,174.26,Soybean_Oil
2025-04-11,175.79,Soybean_Oil
2025-04-12,176.56,Soybean_Oil
2025-04-13,177.21,Soybean_Oil
2025-04-14,177.65,Soybean_Oil
2025-04-15,176.24,Soybean_Oil
2025-04-16,175.68,Soybean_Oil
2025-04-17,176.9,Soybean_Oil
2025-04-18,177.37,Soybean_Oil
2025-04-19,175.97,Soybean_Oil
2025-04-20,176.81,Soybean_Oil
2025-04-21,176.0,Soybean_Oil
2025-04-22,176.77,Soybean_Oil
2025-04-23,173.97,Soybean_Oil
2025-04-24,174.86,Soybean_Oil
2025-04-25,174.17,Soybean_Oil
2025-04-26,179.01,Soybean_Oil
2025-04-27,177.0,Soybean_Oil
2025-04-28,177.3,Soybean_Oil
2025-04-29,174.19,Soybean_Oil
2025-04-30,178.26,Soybean_Oil
2025-05-01,178.31,Soybean_Oil
2025-05-02,180.53,Soybean_Oil
2025-05-03,181.04,Soybean_Oil
2025-05-04,179.2,Soybean_Oil
2025-05-05,178.49,Soybean_Oil
2025-05-06,178.68,Soybean_Oil
2025-05-07,178.27,Soybean_Oil
2025-05-08,178.51,Soybean_Oil
2025-05-09,179.49,Soybean_Oil
2025-05-10,180.06,Soybean_Oil
2025-05-11,178.44,Soybean_Oil
2025-05-12,178.84,Soybean_Oil
2025-05-13,182.1,Soybean_Oil
2025-05-14,178.68,Soybean_Oil
2025-05-15,179.4,Soybean_Oil
2025-05-16,181.28,Soybean_Oil
2025-05-17,179.42,Soybean_Oil
2025-05-18,180.13,Soybean_Oil
2025-05-19,178.21,Soybean_Oil
2025-05-20,180.24,Soybean_Oil
2025-05-21,179.16,Soybean_Oil
2025-05-22,177.98,Soybean_Oil
2025-05-23,182.34,Soybean_Oil
2025-05-24,183.15,Soybean_Oil
2025-05-25,181.56,Soybean_Oil
2025-05-26,184.53,Soybean_Oil
2025-05-27,178.91,Soybean_Oil
2025-05-28,179.42,Soybean_Oil
2025-05-29,182.53,Soybean_Oil
2025-05-30,184.44,Soybean_Oil
2025-05-31,183.03,Soybean_Oil
2025-06-01,182.48,Soybean_Oil
2025-06-02,181.23,Soybean_Oil
2025-06-03,185.69,Soybean_Oil
2025-06-04,182.21,Soybean_Oil
2025-06-05,184.68,Soybean_Oil
2025-06-06,184.63,Soybean_Oil
2025-06-07,182.32,Soybean_Oil
2025-06-08,185.79,Soybean_Oil
2025-06-09,183.21,Soybean_Oil
2025-06-10,184.79,Soybean_Oil
2025-06-11,185.26,Soybean_Oil
2025-06-12,184.72,Soybean_Oil
2025-06-13,188.28,Soybean_Oil
2025-06-14,188.07,Soybean_Oil
2025-06-15,185.71,Soybean_Oil
2025-06-16,186.9,Soybean_Oil
2025-06-17,187.49,Soybean_Oil
2025-06-18,188.62,Soybean_Oil
2025-06-19,185.92,Soybean_Oil
2025-06-20,190.21,Soybean_Oil
2025-06-21,185.86,Soybean_Oil
2025-06-22,185.31,Soybean_Oil
2025-06-23,188.0,Soybean_Oil
2025-06-24,185.36,Soybean_Oil
2025-06-25,189.84,Soybean_Oil
2025-06-26,184.78,Soybean_Oil
2025-06-27,188.32,Soybean_Oil
2025-06-28,189.61,Soybean_Oil
2025-06-29,185.89,Soybean_Oil
2025-06-30,189.94,Soybean_Oil
2025-07-01,185.91,Soybean_Oil
2025-07-02,189.01,Soybean_Oil
2025-07-03,189.41,Soybean_Oil
2025-07-04,190.01,Soybean_Oil
2025-07-05,191.26,Soybean_Oil
2025-07-06,191.14,Soybean_Oil
2025-07-07,188.31,Soybean_Oil
2025-07-08,188.05,Soybean_Oil
2025-07-09,189.95,Soybean_Oil
2025-07-10,187.75,Soybean_Oil
2025-07-11,193.04,Soybean_Oil
2025-07-12,190.94,Soybean_Oil
2025-07-13,194.84,Soybean_Oil
2025-07-14,191.79,Soybean_Oil
2025-07-15,189.84,Soybean_Oil
2025-07-16,189.48,Soybean_Oil
2025-07-17,193.68,Soybean_Oil
2025-07-18,187.13,Soybean_Oil
2025-07-19,191.8,Soybean_Oil
2025-07-20,195.72,Soybean_Oil
2025-07-21,192.04,Soybean_Oil
2025-07-22,193.12,Soybean_Oil
2025-07-23,192.3,Soybean_Oil
2025-07-24,193.76,Soybean_Oil
2025-07-25,192.14,Soybean_Oil
2025-07-26,193.84,Soybean_Oil
2025-07-27,195.56,Soybean_Oil
2025-07-28,193.33,Soybean_Oil
2025-07-29,193.44,Soybean_Oil
2025-07-30,195.41,Soybean_Oil
2025-07-31,195.7,Soybean_Oil
2025-08-01,194.91,Soybean_Oil
2025-08-02,193.59,Soybean_Oil
2025-08-03,193.03,Soybean_Oil
2025-08-04,194.8,Soybean_Oil
2025-08-05,194.38,Soybean_Oil
2025-08-06,197.32,Soybean_Oil
2025-08-07,200.11,Soybean_Oil
2025-08-08,198.27,Soybean_Oil
2025-08-09,195.14,Soybean_Oil
2025-08-10,195.34,Soybean_Oil
2025-08-11,192.97,Soybean_Oil
2025-08-12,195.79,Soybean_Oil
2025-08-13,196.01,Soybean_Oil
2025-08-14,197.6,Soybean_Oil
2025-08-15,195.16,Soybean_Oil
2025-08-16,197.34,Soybean_Oil
2025-08-17,196.71,Soybean_Oil
2025-08-18,197.95,Soybean_Oil
2025-08-19,194.0,Soybean_Oil
2025-08-20,198.53,Soybean_Oil
2025-08-21,197.03,Soybean_Oil
2025-08-22,197.4,Soybean_Oil
2025-08-23,195.76,Soybean_Oil
2025-08-24,197.19,Soybean_Oil
2025-08-25,197.64,Soybean_Oil
2025-08-26,196.59,Soybean_Oil
2025-08-27,197.49,Soybean_Oil
2025-08-28,195.87,Soybean_Oil
2025-08-29,198.15,Soybean_Oil
2025-08-30,196.9,Soybean_Oil
2025-08-31,195.25,Soybean_Oil
2025-09-01,195.66,Soybean_Oil
2025-09-02,197.21,Soybean_Oil
2025-09-03,198.42,Soybean_Oil
2025-09-04,198.46,Soybean_Oil
2025-09-05,200.96,Soybean_Oil
2025-09-06,199.53,Soybean_Oil
2025-09-07,198.91,Soybean_Oil
2025-09-08,197.65,Soybean_Oil
2025-09-09,199.1,Soybean_Oil
2025-09-10,198.3,Soybean_Oil
2025-09-11,195.92,Soybean_Oil
2025-09-12,199.24,Soybean_Oil
2025-09-13,199.45,Soybean_Oil
2025-09-14,199.09,Soybean_Oil
2025-09-15,203.25,Soybean_Oil
2025-09-16,199.69,Soybean_Oil
2025-09-17,200.19,Soybean_Oil
2025-09-18,200.3,Soybean_Oil
2025-09-19,199.03,Soybean_Oil
2025-09-20,200.27,Soybean_Oil
2025-09-21,200.07,Soybean_Oil
2025-09-22,199.72,Soybean_Oil
2025-09-23,197.88,Soybean_Oil
2025-09-24,199.68,Soybean_Oil
2025-09-25,199.06,Soybean_Oil
2025-09-26,198.09,Soybean_Oil
2025-09-27,198.48,Soybean_Oil
2025-09-28,199.2,Soybean_Oil
2025-09-29,199.3,Soybean_Oil
2025-09-30,197.11,Soybean_Oil
2025-10-01,196.8,Soybean_Oil
2025-10-02,198.09,Soybean_Oil
2025-10-03,199.2,Soybean_Oil
2025-10-04,202.56,Soybean_Oil
2025-10-05,200.65,Soybean_Oil
2025-10-06,195.91,Soybean_Oil
2025-10-07,198.34,Soybean_Oil
2025-10-08,199.49,Soybean_Oil
2025-10-09,201.31,Soybean_Oil
2025-10-10,199.87,Soybean_Oil
2025-10-11,202.94,Soybean_Oil
2025-10-12,198.74,Soybean_Oil
2025-10-13,202.67,Soybean_Oil
2025-10-14,198.57,Soybean_Oil
2025-10-15,199.1,Soybean_Oil
2025-10-16,200.17,Soybean_Oil
2025-10-17,199.12,Soybean_Oil
2025-10-18,198.3,Soybean_Oil
2025-10-19,200.4,Soybean_Oil
2025-10-20,199.61,Soybean_Oil
2025-10-21,201.43,Soybean_Oil
2025-10-22,200.39,Soybean_Oil
2025-10-23,198.41,Soybean_Oil
2025-10-24,200.6,Soybean_Oil
2025-10-25,198.49,Soybean_Oil
2025-10-26,196.85,Soybean_Oil
2025-10-27,198.53,Soybean_Oil
2025-10-28,197.65,Soybean_Oil
2025-10-29,197.5,Soybean_Oil
2025-10-30,200.42,Soybean_Oil
2025-10-31,199.16,Soybean_Oil
2025-11-01,197.8,Soybean_Oil
2025-11-02,198.14,Soybean_Oil
2025-11-03,198.81,Soybean_Oil
2025-11-04,194.81,Soybean_Oil
2025-11-05,198.83,Soybean_Oil
2025-11-06,198.76,Soybean_Oil
2025-11-07,199.46,Soybean_Oil
2025-11-08,200.82,Soybean_Oil
2025-11-09,200.41,Soybean_Oil
2025-11-10,197.18,Soybean_Oil
2025-11-11,199.29,Soybean_Oil
2025-11-12,197.88,Soybean_Oil
2025-11-13,196.02,Soybean_Oil
2025-11-14,198.14,Soybean_Oil
2025-11-15,197.95,Soybean_Oil
2025-11-16,198.6,Soybean_Oil
2025-11-17,196.07,Soybean_Oil
2025-11-18,195.66,Soybean_Oil
2025-11-19,197.46,Soybean_Oil
2025-11-20,196.14,Soybean_Oil
2025-11-21,196.84,Soybean_Oil
2025-11-22,196.5,Soybean_Oil
2025-11-23,197.75,Soybean_Oil
2025-11-24,196.99,Soybean_Oil
2025-11-25,195.61,Soybean_Oil
2025-11-26,191.79,Soybean_Oil
2025-11-27,197.63,Soybean_Oil
2025-11-28,195.39,Soybean_Oil
2025-11-29,197.04,Soybean_Oil
2025-11-30,195.68,Soybean_Oil
2025-12-01,193.05,Soybean_Oil
2025-12-02,196.35,Soybean_Oil
2025-12-03,194.69,Soybean_Oil
2025-12-04,195.65,Soybean_Oil
2025-12-05,196.25,Soybean_Oil
2025-12-06,199.67,Soybean_Oil
2025-12-07,194.89,Soybean_Oil
2025-12-08,194.64,Soybean_Oil
2025-12-09,193.71,Soybean_Oil
2025-12-10,194.26,Soybean_Oil
2025-12-11,195.44,Soybean_Oil
2025-12-12,194.87,Soybean_Oil
2025-12-13,195.53,Soybean_Oil
2025-12-14,194.83,Soybean_Oil
2025-12-15,194.15,Soybean_Oil
2025-12-16,193.68,Soybean_Oil
2025-12-17,197.8,Soybean_Oil
2025-12-18,192.98,Soybean_Oil
2025-12-19,194.54,Soybean_Oil
2025-12-20,192.99,Soybean_Oil
2025-12-21,195.14,Soybean_Oil
2025-12-22,194.6,Soybean_Oil
2025-12-23,192.95,Soybean_Oil
2025-12-24,191.62,Soybean_Oil
2025-12-25,194.56,Soybean_Oil
2025-12-26,195.66,Soybean_Oil
2025-12-27,191.17,Soybean_Oil
2025-12-28,192.08,Soybean_Oil
2025-12-29,192.55,Soybean_Oil
2025-12-30,192.3,Soybean_Oil
2025-12-31,192.41,Soybean_Oil
2026-01-01,193.69,Soybean_Oil
2026-01-02,192.43,Soybean_Oil
2026-01-03,192.85,Soybean_Oil
2026-01-04,193.59,Soybean_Oil
2026-01-05,191.53,Soybean_Oil
2026-01-06,193.93,Soybean_Oil
2026-01-07,191.94,Soybean_Oil
2026-01-08,193.58,Soybean_Oil
2026-01-09,192.79,Soybean_Oil
2026-01-10,193.57,Soybean_Oil
2026-01-11,192.1,Soybean_Oil
2026-01-12,191.75,Soybean_Oil
2026-01-13,191.86,Soybean_Oil
2026-01-14,190.48,Soybean_Oil
2026-01-15,193.91,Soybean_Oil
2026-01-16,190.71,Soybean_Oil
2026-01-17,193.66,Soybean_Oil
2026-01-18,190.89,Soybean_Oil
2026-01-19,192.3,Soybean_Oil
2026-01-20,191.31,Soybean_Oil
2026-01-21,192.5,Soybean_Oil
2026-01-22,195.42,Soybean_Oil
2026-01-23,195.06,Soybean_Oil
2026-01-24,190.59,Soybean_Oil
2026-01-25,190.98,Soybean_Oil
2026-01-26,189.15,Soybean_Oil
2026-01-27,190.28,Soybean_Oil
2026-01-28,188.02,Soybean_Oil
2026-01-29,190.87,Soybean_Oil
2026-01-30,188.3,Soybean_Oil
2026-01-31,192.9,Soybean_Oil
2026-02-01,189.6,Soybean_Oil
2026-02-02,187.73,Soybean_Oil
2026-02-03,188.47,Soybean_Oil
2026-02-04,189.46,Soybean_Oil
2026-02-05,187.8,Soybean_Oil
2026-02-06,192.41,Soybean_Oil
2026-02-07,190.53,Soybean_Oil
2026-02-08,188.67,Soybean_Oil
2026-02-09,187.08,Soybean_Oil
2026-02-10,189.01,Soybean_Oil
2026-02-11,189.35,Soybean_Oil
2026-02-12,190.19,Soybean_Oil
2026-02-13,189.19,Soybean_Oil
2026-02-14,188.02,Soybean_Oil
2026-02-15,190.35,Soybean_Oil
2026-02-16,188.36,Soybean_Oil
2026-02-17,186.7,Soybean_Oil
2026-02-18,188.28,Soybean_Oil
2026-02-19,188.32,Soybean_Oil
2026-02-20,188.23,Soybean_Oil
2026-02-21,190.11,Soybean_Oil
2026-02-22,184.59,Soybean_Oil
2026-02-23,189.39,Soybean_Oil
2026-02-24,187.22,Soybean_Oil
2026-02-25,187.13,Soybean_Oil
2026-02-26,187.69,Soybean_Oil
2026-02-27,189.14,Soybean_Oil
2026-02-28,186.83,Soybean_Oil
2026-03-01,188.27,Soybean_Oil
2026-03-02,189.53,Soybean_Oil
2026-03-03,188.91,Soybean_Oil
2026-03-04,186.13,Soybean_Oil
2026-03-05,186.9,Soybean_Oil
2026-03-06,186.25,Soybean_Oil
2026-03-07,186.41,Soybean_Oil
2026-03-08,189.67,Soybean_Oil
2026-03-09,189.38,Soybean_Oil
2026-03-10,185.73,Soybean_Oil
2026-03-11,190.71,Soybean_Oil
2026-03-12,190.27,Soybean_Oil
2026-03-13,189.5,Soybean_Oil
2026-03-14,188.03,Soybean_Oil
2026-03-15,187.62,Soybean_Oil
2026-03-16,189.29,Soybean_Oil
2026-03-17,188.62,Soybean_Oil
2026-03-18,185.6,Soybean_Oil
2026-03-19,188.68,Soybean_Oil
2026-03-20,189.06,Soybean_Oil
2026-03-21,191.03,Soybean_Oil
2026-03-22,187.3,Soybean_Oil
2026-03-23,187.71,Soybean_Oil
2026-03-24,187.71,Soybean_Oil
2026-03-25,187.84,Soybean_Oil
2026-03-26,187.64,Soybean_Oil
2026-03-27,191.12,Soybean_Oil
2026-03-28,187.8,Soybean_Oil
2026-03-29,188.12,Soybean_Oil
2026-03-30,187.04,Soybean_Oil
2026-03-31,187.91,Soybean_Oil
2026-04-01,190.13,Soybean_Oil
2026-04-02,189.24,Soybean_Oil
2026-04-03,190.58,Soybean_Oil
2026-04-04,190.5,Soybean_Oil
2026-04-05,189.1,Soybean_Oil
2026-04-06,186.21,Soybean_Oil
2026-04-07,189.14,Soybean_Oil
2026-04-08,188.94,Soybean_Oil
2026-04-09,189.09,Soybean_Oil
2026-04-10,189.24,Soybean_Oil
2026-04-11,189.78,Soybean_Oil
2026-04-12,188.84,Soybean_Oil
2026-04-13,188.37,Soybean_Oil
2026-04-14,188.43,Soybean_Oil
2026-04-15,189.97,Soybean_Oil
2026-04-16,192.77,Soybean_Oil
2026-04-17,191.58,Soybean_Oil
2026-04-18,187.86,Soybean_Oil
2026-04-19,190.88,Soybean_Oil
2026-04-20,191.15,Soybean_Oil
2026-04-21,191.49,Soybean_Oil
2026-04-22,189.49,Soybean_Oil
2026-04-23,188.46,Soybean_Oil
2026-04-24,192.72,Soybean_Oil
2026-04-25,190.93,Soybean_Oil
2026-04-26,194.38,Soybean_Oil
2026-04-27,189.37,Soybean_Oil
2026-04-28,194.14,Soybean_Oil
2026-04-29,189.4,Soybean_Oil
2026-04-30,194.82,Soybean_Oil
2026-05-01,192.67,Soybean_Oil
2026-05-02,194.1,Soybean_Oil
2026-05-03,193.39,Soybean_Oil
2026-05-04,193.91,Soybean_Oil
2026-05-05,192.61,Soybean_Oil
2026-05-06,193.66,Soybean_Oil
2026-05-07,191.1,Soybean_Oil
2026-05-08,193.29,Soybean_Oil
2026-05-09,191.73,Soybean_Oil
2026-05-10,193.46,Soybean_Oil
2026-05-11,193.63,Soybean_Oil
2026-05-12,193.01,Soybean_Oil
2026-05-13,195.1,Soybean_Oil
2026-05-14,195.28,Soybean_Oil
2026-05-15,195.51,Soybean_Oil
2026-05-16,196.29,Soybean_Oil
2026-05-17,197.0,Soybean_Oil
2026-05-18,193.18,Soybean_Oil
2026-05-19,193.73,Soybean_Oil
2026-05-20,194.65,Soybean_Oil
2026-05-21,193.61,Soybean_Oil
2026-05-22,194.89,Soybean_Oil
2026-05-23,193.52,Soybean_Oil
2026-05-24,193.94,Soybean_Oil
2026-05-25,197.67,Soybean_Oil
2026-05-26,195.05,Soybean_Oil
2026-05-27,192.73,Soybean_Oil
2026-05-28,196.65,Soybean_Oil
2026-05-29,196.22,Soybean_Oil
2026-05-30,194.06,Soybean_Oil
2026-05-31,195.78,Soybean_Oil
2026-06-01,196.26,Soybean_Oil
2026-06-02,196.98,Soybean_Oil
2026-06-03,195.97,Soybean_Oil
2026-06-04,199.24,Soybean_Oil
2026-06-05,197.69,Soybean_Oil
2026-06-06,202.0,Soybean_Oil
2026-06-07,199.79,Soybean_Oil
2026-06-08,200.36,Soybean_Oil
2026-06-09,199.99,Soybean_Oil
2026-06-10,196.34,Soybean_Oil
2026-06-11,200.83,Soybean_Oil
2026-06-12,203.55,Soybean_Oil
2026-06-13,202.44,Soybean_Oil
2026-06-14,200.2,Soybean_Oil
2026-06-15,197.78,Soybean_Oil
2026-06-16,201.09,Soybean_Oil
2026-06-17,198.88,Soybean_Oil
2026-06-18,200.6,Soybean_Oil
2026-06-19,202.2,Soybean_Oil
2026-06-20,202.88,Soybean_Oil
2026-06-21,199.71,Soybean_Oil
2026-06-22,202.25,Soybean_Oil
2026-06-23,201.49,Soybean_Oil
2026-06-24,200.53,Soybean_Oil
2026-06-25,201.05,Soybean_Oil
2026-06-26,202.73,Soybean_Oil
2026-06-27,205.08,Soybean_Oil
2026-06-28,201.74,Soybean_Oil
2026-06-29,203.51,Soybean_Oil
2026-06-30,200.72,Soybean_Oil
2026-07-01,201.48,Soybean_Oil
2026-07-02,202.82,Soybean_Oil
2026-07-03,203.26,Soybean_Oil
2026-07-04,203.52,Soybean_Oil
2026-07-05,202.47,Soybean_Oil
2026-07-06,202.42,Soybean_Oil
2026-07-07,202.65,Soybean_Oil
2026-07-08,204.61,Soybean_Oil
2026-07-09,204.71,Soybean_Oil
2026-07-10,205.95,Soybean_Oil
2026-07-11,206.8,Soybean_Oil
2026-07-12,204.83,Soybean_Oil
2026-07-13,203.66,Soybean_Oil
2026-07-14,203.44,Soybean_Oil
2026-07-15,207.4,Soybean_Oil
2026-07-16,206.81,Soybean_Oil
2026-07-17,208.38,Soybean_Oil
2026-07-18,208.1,Soybean_Oil
2026-07-19,205.99,Soybean_Oil
2026-07-20,206.75,Soybean_Oil
2026-07-21,206.05,Soybean_Oil
2026-07-22,209.56,Soybean_Oil
2026-07-23,207.59,Soybean_Oil
2026-07-24,209.73,Soybean_Oil
2026-07-25,207.72,Soybean_Oil
